Uniprot_ID,labels
Q86WZ0,0
P62701,1
P81534,0
Q8NET4,0
Q6NV75,0
Q5JTW2,1
Q9BW85,0
O43304,0
Q92664,0
P23511,1
Q16352,1
Q9ULX3,1
Q9H2M9,1
Q9NUQ8,1
A6PVL3,0
Q8NBV4,0
Q9NPB3,0
P49788,0
Q9NPB8,0
Q9UM44,0
Q9BVM4,0
Q5T5X7,1
Q96EY9,0
Q04695,1
Q96E17,1
Q8WZ59,0
O75192,0
Q05586,1
Q9NXF1,1
P11137,1
O94986,1
P31152,1
Q8NGP2,0
Q9UHJ9,0
Q5SWH9,0
Q7L0X0,0
Q96QE2,0
P40121,1
Q32NB8,0
Q92621,1
Q15648,1
P56385,1
Q12864,0
Q6ZN68,0
Q9H9A6,1
Q9Y4Y9,1
P08493,0
P43626,0
O75822,1
Q9Y2I6,1
O14920,1
Q8WUD1,1
P09211,1
O15394,1
Q92994,1
P08559,1
Q14676,1
Q86YG4,0
P02747,1
A0A0U1RQF7,0
Q5VWN6,0
Q9P266,0
Q8WW18,0
P34130,0
Q96RT8,1
P08912,0
O15020,1
Q96RR1,1
P29084,1
Q6A1A2,0
Q99471,1
P42830,0
Q1MSJ5,1
Q86TP1,0
Q6P531,0
Q5VTY9,0
A0A1B0GTY4,0
P0C7U3,0
P41594,1
Q14697,1
Q86SQ0,1
Q9NUL3,1
Q9H7T0,0
Q9Y3B9,1
O15016,0
A0A096LP01,0
P27694,1
P57721,1
Q96M93,0
Q8N912,0
Q9NR46,1
Q9H254,1
Q96NT5,0
Q9H4A4,1
Q5TBE3,0
P43358,1
Q5TF58,1
P01574,0
Q6P1J9,1
Q6NW34,1
P04406,1
P49590,1
Q8N6C7,0
P21964,1
Q9BZ19,0
Q6ZN17,1
P30041,1
Q8NGJ9,0
O15399,1
Q8NHQ1,1
P21589,1
Q8N8U3,0
Q9Y3S2,1
P78559,1
Q9NYB9,1
A6NCI5,0
O60895,0
Q00765,1
P55735,1
P59052,0
Q9BXU9,0
O43155,0
Q96GM8,1
Q9NP95,0
Q86XH1,0
Q8N5L8,1
Q17RS7,1
Q6ZTR6,0
Q05DH4,0
Q96E93,0
Q9Y2J0,1
P38159,1
Q15111,0
Q6P158,1
Q6UXR6,0
P51161,0
O75200,0
Q8WUA4,1
Q8TBZ6,1
Q658L1,0
Q9P202,0
Q9H195,0
Q5VZK9,0
O75593,1
A6NKF7,0
Q8WYA6,1
Q8N4F7,0
O75122,1
O43447,1
Q00013,1
Q9UBT2,1
Q8NDZ4,0
Q7L7X3,1
Q92901,1
Q86XS5,0
Q8TB33,0
Q6UY13,0
Q7Z4V0,0
A6NKF2,0
P43405,1
O00541,1
Q6ZMI0,1
Q96T92,0
Q9HAS3,0
P32745,1
Q16654,0
Q96G42,0
Q99828,1
Q8NH90,0
Q9NRD9,0
Q8TEU8,0
Q15334,1
Q8NBL3,0
Q6DKI1,1
O60449,0
Q8NCR9,0
Q16891,1
Q9BZA5,0
P53990,1
Q9UKY0,0
Q15113,0
O75323,1
O00444,1
A6NDL8,0
P14207,1
Q9BYQ9,0
P05496,0
A4D1T9,0
Q8N567,1
A6NGY1,0
Q9BQ51,0
P23515,1
Q9Y3T9,1
Q9HCT0,0
Q86W10,0
P53621,1
Q96KP1,1
Q04206,1
Q9BXR3,0
Q13425,1
Q15652,1
O95072,1
Q96A08,0
Q969T9,1
A8MPY1,0
Q5SNT2,1
A1A5B4,0
Q6P9A3,0
Q6UE05,0
Q9Y442,0
P61968,1
Q13206,1
Q92878,1
Q8NGN6,0
Q8TED4,0
P10153,0
P17677,1
Q8WXD9,1
P49815,1
P22314,1
Q6UXN2,0
Q8NGE9,0
P30101,1
P0CJ88,0
Q6ZMD2,0
P20700,1
A0A1B0GV03,0
P0C264,0
Q12912,0
Q6DN14,0
Q7RTV3,0
Q8N888,0
P23327,0
P13796,1
Q99816,1
Q8NFH8,1
P04264,1
Q8NBU5,1
Q6ECI4,0
P19388,1
Q6PEW0,0
Q9UNX3,1
O76039,1
Q8N7S2,0
Q9HCU0,0
Q71RC9,0
Q86WN2,0
Q96JB2,1
A4D0T7,0
Q8TDB6,1
Q6IE37,0
A6NL08,0
Q8N1Q8,0
P51955,1
Q9UBM1,0
Q5T292,0
O95232,1
Q14254,1
Q969V1,0
Q96DC8,0
Q96D46,1
P32969,1
Q9Y262,1
Q8NA72,1
Q2TAK8,0
P15927,1
B1AL88,0
Q13868,1
Q9Y3L3,1
Q9BWD3,0
P48643,1
P17676,1
O95907,0
Q15717,1
Q13536,0
Q5J8X5,0
Q6ZTA4,0
Q7Z7C7,0
P04156,1
Q6ISU1,1
P04632,1
O75165,1
Q69YW2,1
Q8NGL4,0
O95416,1
Q5C9Z4,1
P11234,1
A0A1B0GUX0,0
Q9H7E2,1
P0C0L5,0
A9Z1Z3,0
P61266,1
Q15185,1
A2RTX5,1
Q9BSJ2,1
Q7RTT3,0
Q9Y6F9,0
Q14002,0
O95992,0
P28336,0
Q14641,0
A6NDX5,0
Q9P2K5,1
Q5BKX8,0
Q9NQ88,0
Q9UPQ9,1
Q96GQ7,1
Q92563,0
Q7RTY5,0
A6NFC5,0
O60447,1
Q9H0C1,0
O60729,1
P18859,0
Q13951,1
Q15053,0
Q8TC59,1
P23141,0
Q9H0A0,1
Q96AE7,1
P0C866,0
Q8NGA4,0
Q6UXN8,0
Q8NE71,1
Q14320,1
Q8ND23,0
Q99653,1
Q60I27,0
Q8WUJ3,0
P25311,1
Q8WYQ5,1
Q9GZZ7,0
Q9UJT2,1
Q9NTJ3,1
P01566,0
Q13148,1
Q9BV86,1
P41252,1
Q15465,0
Q9BY42,1
O75449,1
Q9H252,0
P54821,1
Q86XD8,0
P22234,1
O95096,0
Q96EN9,0
Q9H479,1
Q9HCQ7,0
O75592,1
Q15004,1
Q6ZQY3,0
A0A1B0GWB2,0
Q9BUH8,1
A6NHR9,1
Q9UHD1,1
P01100,1
P40429,1
Q7Z460,1
Q9BY15,0
O95264,0
Q569G3,0
Q6JVE9,0
Q71RC2,1
P50991,1
Q8TDN7,0
P47898,0
Q9BPY3,1
Q15842,0
Q96FF7,0
Q6UVJ0,1
Q96H72,0
Q12888,1
Q9GZQ6,0
Q96PV0,1
Q9Y2H8,0
P30043,1
O00487,1
Q6P4E1,0
Q49MG5,1
Q9Y3Y2,1
Q8WWI1,1
O60260,1
O00443,1
Q3LXA3,0
P0DJ07,0
O95631,1
A6NNW6,0
O75319,1
O94772,1
O15350,1
P12980,0
A0PK11,0
P82933,1
Q8NI51,1
Q9BW19,1
Q86TZ1,0
P41250,1
Q9BV38,1
Q8WUY1,1
O43734,1
O00571,1
Q9HBE5,0
P61550,0
Q86UD5,0
Q96GM1,0
Q96EZ4,0
Q8N4F0,0
Q9BZK3,0
Q16663,0
Q8TBR4,0
Q6UXG3,0
Q8N7M0,0
O43301,1
Q9NRW7,1
Q96F15,1
Q8TCD1,0
Q9BRK0,0
A2RUS2,0
Q9H2Y7,1
Q8IZD9,1
P17931,1
Q7Z5L0,0
Q5JTN6,0
Q13442,1
P0DP73,0
Q9UN88,0
Q16698,1
Q9UQ72,0
Q99502,1
O75420,1
Q9H628,0
P31941,0
Q9Y297,1
Q9H9K5,0
Q9BTD3,0
P52954,0
Q07837,0
Q92499,1
P0DMR2,0
Q13557,1
P78412,0
A6NKU9,0
Q12849,1
P15311,1
P46779,1
P15104,1
P55072,1
Q8WZA2,1
Q9UNS2,1
Q9UNF0,1
Q8NCU8,0
P0DKV0,0
Q6JQN1,1
Q69YQ0,1
Q7Z7J7,0
Q9BQ08,0
P49407,1
Q9BPV8,0
Q96JB8,0
Q86VG3,0
P52948,1
Q8WXQ3,0
Q5TA81,0
P0C7X4,0
P31641,0
A0A075B6L2,0
Q99417,1
P01703,0
P11498,1
Q8N119,0
P49418,1
Q6UWK7,0
G3V211,0
P32780,1
Q9HB15,0
A6NC57,0
P04732,0
Q9BUN1,0
Q9H2U1,1
Q9UIG5,0
P14859,1
Q4LEZ3,0
Q9Y6G9,1
Q9H478,0
Q02241,1
Q9Y512,1
Q8TB92,0
P61081,1
P47870,0
Q12834,1
Q5TZA2,1
A0A0J9YX35,0
P52815,1
P35247,0
Q7Z4W3,0
Q8NC54,0
O15160,1
P12273,1
Q7RTU3,0
Q9NZ56,1
A6NFU8,0
Q9UPV7,1
Q9P287,1
Q5BKX6,0
Q8TF21,1
A6NHP3,0
Q92630,1
Q8WZ64,0
Q8NHK3,0
P35250,1
Q8IY45,0
P54577,1
Q96PK6,1
Q96KX1,0
O95222,0
Q9HC98,1
Q96LW7,0
Q8N4P6,0
O15499,0
O43815,1
P13010,1
Q14318,1
Q12879,1
Q17RY0,1
Q8N2U0,1
Q9H7R5,0
P49682,0
Q9BWF2,1
Q6UWI2,0
C9JJ37,0
Q13200,1
Q9GZU8,1
Q99584,1
O14772,0
Q6QNK2,0
Q4G0I0,0
P54107,0
Q2M385,0
P13765,0
Q5H9T9,1
Q96SL1,0
Q8NAG6,0
Q6H9L7,0
Q9C0D0,1
P17031,0
Q53S08,0
Q7Z5L3,0
P55008,1
Q8NH21,0
Q9Y342,1
Q96P47,1
P50148,1
Q8N350,0
Q9H115,1
Q9UPT9,1
O75937,1
D3W0D1,0
Q6ZS17,0
Q92794,1
O43488,1
P63215,1
P04554,0
A6NH57,0
Q9GZS1,1
Q9HBW9,0
Q9HCP6,0
Q8NDV7,1
Q07507,0
P28074,1
Q96MC5,0
O00257,1
Q9Y5B9,1
Q8IW70,0
Q9BZP6,1
Q7L9L4,1
P55089,0
O96019,1
A0JD36,0
A7MBM2,0
A0A075B6R0,0
A1KXE4,1
Q13573,1
Q9UL15,1
Q9H1P6,0
Q06418,1
Q8N967,0
Q01804,1
Q9UKP4,0
Q96I24,1
Q9Y4F1,1
P31213,0
P49760,1
Q96JC1,1
Q99536,1
P49720,1
P06340,0
A0A0U1RQS6,0
Q92833,1
Q9Y5Y4,0
Q96LW9,1
Q9UI72,0
P0C7M4,0
Q96A11,0
Q9UKA4,1
Q8N5W9,0
Q8TE59,0
C9JL84,0
Q9P217,0
Q8TC92,1
O95059,1
Q15032,1
Q5VT03,0
B3EWG6,0
Q5TGU0,0
A5YKK6,1
O95177,0
Q9Y6N3,0
Q9H061,1
Q5VSY0,1
Q9P0K9,0
Q5VV67,1
A6NJ08,0
Q15907,1
Q8NET6,0
Q9UKY7,1
A8MV81,0
P35269,1
Q7L014,1
Q6ZMV9,0
A0A075B6T7,0
Q96K62,1
Q6PCB7,1
Q9HB31,0
Q6DN90,1
O96002,0
Q5JVX7,0
Q6ZSI9,0
Q9ULL8,0
Q3KNT9,0
P49773,1
A6NHZ5,0
P49802,1
Q16082,1
P60606,0
Q16613,0
Q9BVL2,0
Q5UIP0,1
Q8IWZ4,0
Q8N9C0,0
Q8N0U2,0
O00203,1
P84098,1
O75925,1
Q99731,0
P59534,1
Q8WVV9,1
Q8NF67,0
O00591,0
Q6PCE3,1
Q8TC17,0
Q9UI30,1
P40967,1
Q9Y2K5,1
Q15126,1
P07550,1
Q14542,0
Q13434,0
Q8IWZ6,1
Q8IXF9,0
Q9HAT1,0
Q92615,1
O76002,0
P22033,0
Q6UXB1,0
Q9BRP8,1
Q13257,1
P18031,1
Q8N6V4,0
Q9H7R0,0
Q8N5W8,0
Q32P51,1
Q8NH02,0
Q13503,1
Q9ULG3,0
A6NG13,0
Q9NYW7,0
P26641,1
Q9UHA3,1
Q9BYE9,0
Q8NHC6,0
Q8NGY0,0
Q92540,1
Q9NWZ8,1
Q8NGH3,0
E5RG02,0
Q14137,1
Q8NC44,0
Q9BXW9,1
P08579,1
Q9BQ75,1
Q9H4B4,1
Q9NYW1,0
Q9NPU4,0
Q6UXH9,0
Q8TF63,0
P14854,1
O14718,0
Q14773,0
Q96FE7,0
O75531,1
Q9UFF9,1
Q6NVY1,1
C9JXX5,0
Q6P1R4,0
Q9P1Q5,0
Q8IZF7,0
A0A0B4J248,0
P0C7V9,0
B7Z6K7,0
Q8NBZ0,1
Q5T6F2,1
P34947,1
P04080,1
Q13825,1
Q5W0N0,0
Q15149,1
Q8NAE3,0
Q9UGT4,0
A6NET4,0
Q9UBW8,1
Q5VZP5,0
P46778,1
Q8IV48,1
Q96M42,0
Q04759,1
P11387,1
A0A1B0GUU1,0
Q3LI81,0
O60384,0
P31949,1
P36507,1
A8MXT2,0
O75452,0
Q9GZY1,0
P04049,1
Q1AE95,0
Q9P0L9,1
O15144,1
Q4G0S4,0
Q96SY0,0
P20061,0
A0A075B6K6,0
P55263,1
P60673,1
A6NK02,0
Q8WWZ1,0
Q9H6S0,1
O15130,0
Q9GZY8,1
P0DMB2,0
Q8NGX6,0
Q14562,1
Q3MIN7,0
Q9BVI4,1
O43617,1
O43324,1
Q96NR3,0
Q12796,1
Q0P651,0
Q6UWP8,1
Q9Y2I8,1
A8MT33,0
Q9NRM2,1
Q71RG6,0
P49454,1
Q2KHN1,1
A6NFY7,0
Q86SH2,0
A0A087WT03,0
Q7Z739,1
A6NKH3,0
Q5JQS6,0
Q9Y4E6,1
Q96T37,1
Q969K3,1
O95453,1
Q8IXB3,0
Q9NSQ0,0
Q8N1G4,1
Q9NRA0,1
O95900,1
O75151,1
Q9BV73,1
Q15038,1
Q5VZ52,0
Q06033,0
A6NMZ2,0
P46926,1
Q9UKY1,1
Q8TAG5,0
Q8IXL9,0
Q86UX6,1
Q8IXM2,0
P48230,0
Q6UQ28,0
Q8WWK9,1
P49841,1
Q96A65,1
Q96LR4,0
Q9UPA5,1
Q9BRQ6,1
Q9NZQ8,0
O95050,0
O95104,1
Q8TB72,1
Q96KR1,1
Q14566,1
Q5W5W9,0
Q9NPB1,0
Q6ZV80,0
Q7Z713,0
A1L4L8,0
O15212,1
Q9H0L4,1
Q6ZR62,0
Q01844,1
Q8NI36,1
Q9BWV2,0
Q9NRH1,0
P01709,0
O00401,1
Q30KQ9,0
O75899,1
P59535,0
P0C7N8,0
Q8TDS5,0
Q02325,0
P20774,1
O95473,0
Q9Y3A2,1
O60479,1
Q96NY9,1
Q9NYY1,0
Q6P587,1
Q9BZE3,0
C9JI98,0
Q9HC77,1
Q6PKG0,1
Q7RTU9,0
Q9P2B4,1
Q8TCF1,1
Q8N9L9,0
P07947,1
Q96FH0,0
O15195,1
Q8WW36,0
Q6ZSB3,0
Q5SZI1,0
P09110,1
Q8NA23,0
Q9NQ75,0
Q8NHM5,1
Q8TCU6,1
Q9UNK0,1
O75764,1
Q08AE8,1
Q99661,1
Q7RTT9,0
O95727,0
Q8IYP2,0
E5RHQ5,0
Q6WQI6,0
B4DZS4,0
Q9Y6K9,1
P05164,1
A2RU30,0
Q9Y6A5,1
Q92522,1
Q8WV07,0
Q8NGE0,0
Q01860,1
Q9H1C0,0
Q6NT55,0
Q5T447,1
Q8N7G0,0
P0CK97,0
O00519,1
O43707,1
Q8N2F6,0
Q9HA38,1
Q8ND76,1
A6NFR6,0
Q07108,0
Q96NJ3,0
Q9UNW8,0
Q9H7B2,1
A0A1B0GVV1,0
P08240,1
Q13627,1
O14802,1
A8K8P3,1
Q9H0Z9,1
P54710,0
P0DPF6,0
Q9NR30,1
Q92900,1
Q9NRR1,0
Q9ULM3,1
Q02641,1
Q6P093,0
Q9H6Q4,0
P24310,0
Q9BXF6,1
O60290,0
Q15056,1
Q96GI7,0
Q13003,0
A0A087WWA1,0
Q6ZS11,0
Q8NGK4,0
Q09MP3,0
Q14190,1
Q9Y5G9,0
P62318,1
Q8NER1,0
Q5TEZ5,0
P26378,1
Q9NRC8,1
Q3SY05,0
P61088,1
Q8NGG4,0
Q4VX62,0
C9J1S8,0
Q9NQT6,0
Q9NSI2,1
Q32M88,0
Q9H8X2,1
P55010,1
Q38SD2,1
P36915,1
Q9H1U9,0
Q8NBS3,0
P09972,1
A0A0U1RRE5,1
P0C7U1,0
P60827,0
Q9NYI0,1
P10599,1
Q15223,0
A0A0B4J2A2,0
O95049,1
Q15836,1
Q96NR7,0
P25089,0
Q6ZST4,0
P14868,1
Q99954,0
P20916,1
A0A5B9,0
Q8WWZ3,1
Q9NU22,1
Q8NGJ0,0
Q96AM1,0
P58107,1
Q9NQP4,1
Q9UL52,0
Q96RK4,1
Q8N4J0,0
Q99689,1
F2Z3F1,0
Q7Z3E1,1
P60153,0
Q9H343,0
Q9BZ98,0
P48634,1
O75410,1
A0A1B0GUY1,0
Q01118,0
Q9HAW7,0
A0A087WTH5,0
A0A1W2PPM1,0
P24539,1
Q8TC99,0
P61313,1
Q76FK4,1
P46091,0
P81277,0
P30260,1
P41247,0
Q13045,1
Q8NFV5,0
Q92614,1
Q9UMF0,1
Q14894,1
Q3LI73,0
O43847,0
Q7RTY7,0
A4FU69,0
Q12959,1
Q9NZN4,1
P50914,1
Q8N4V2,0
Q9Y4D1,1
Q6ZRV3,0
P36957,1
Q9UJZ1,1
O60431,0
P38646,1
P68363,1
Q03828,0
Q9P2R7,1
P62136,1
P02647,1
Q8N149,0
P18615,1
Q8TCY5,0
Q7Z2E3,1
Q9H270,1
Q8TDU6,0
O00628,1
Q8N6F7,0
Q6ZV77,0
Q14241,1
O14908,1
P84101,1
A6NGQ2,0
Q6F5E7,0
Q96A72,1
P38567,0
Q9NRR2,0
P51587,1
Q6ZSM3,0
Q9H6V9,0
Q96NN9,1
O60268,1
Q9UKF6,1
O15544,0
Q3LI64,0
P14410,0
Q17RG1,0
A0A0B4J275,0
O00567,1
Q9BYB0,1
Q8WWB7,0
Q14139,1
P03897,0
Q8WW32,1
Q86WA9,0
Q3MJ40,0
Q96BH1,1
Q8NA47,0
O15116,1
B1AL46,0
Q9GZT3,1
Q3ZCV2,0
O43795,1
P01766,0
P05177,0
Q9NYH9,1
Q8IVE0,0
Q5QJE6,1
Q3SXY7,0
O43159,1
P16519,0
P30049,1
Q6PIS1,0
Q9H900,0
Q96KN1,0
Q9NVI1,1
O95870,1
Q05996,1
O95707,1
A8MTI9,0
Q9C0H5,1
P26196,1
A0MZ66,1
P35475,0
Q2PPJ7,0
Q14527,1
O76100,0
Q6PXP3,0
A1A4F0,0
Q8NH79,0
Q8WWF1,0
Q9Y5R6,0
Q4G0G2,0
O96028,1
Q9Y285,1
P51854,0
Q86U42,1
Q6ZWK6,0
P29120,0
Q5HYL7,0
Q8N2H3,0
Q7Z6I5,0
Q9UBU9,1
Q14246,0
Q9UPY6,1
P28331,1
P31327,1
O76050,1
Q9Y2W1,1
Q8NEF9,1
Q9BRL6,1
Q96LT4,0
Q8NDM7,0
P59025,0
Q5JW98,0
Q9UKU0,1
Q8TE58,0
Q9NPJ3,1
Q8N5U1,0
Q96BY6,1
Q9Y6M9,1
P23415,0
Q9BYQ0,0
O00231,1
A8MXK1,0
Q6ZUT6,1
Q6BDI9,0
O60284,0
P35125,1
Q5H9F3,1
B2RNN3,0
Q5W0Q7,1
Q9Y606,1
Q96RP9,1
Q86YL7,0
Q9UBP0,1
Q1ZYL8,0
Q9NUQ2,1
Q2WGJ9,0
Q96MK3,0
Q9BYK8,1
P30086,1
Q7RTU5,0
Q5TAT6,0
Q96GS4,0
Q8NH85,0
Q9H172,0
P56555,0
Q8IYL2,0
Q6PEW1,1
P10082,0
Q9BXU1,0
A6NH13,0
O14775,1
A8MT69,0
Q8N815,0
P78344,1
Q9Y2X3,1
Q96AP4,0
A5X5Y0,0
Q9ULJ8,1
Q9H4D0,0
Q6IPR1,0
P59542,0
O60756,0
Q06265,1
P14635,1
P14927,1
Q16773,0
B2RV13,0
O75363,1
Q9BRQ5,0
Q8TCW9,0
Q13278,0
Q8NGR9,0
Q01851,1
K7EJ46,0
Q5SSJ5,1
Q562F6,0
Q5GH72,0
P14679,0
P58743,0
Q9UBU8,1
Q13507,1
P42771,1
Q9BRJ6,1
Q96T88,1
Q08AI8,0
Q9NQZ2,1
P07737,1
Q8NDD1,1
Q5JU00,0
Q96K78,0
Q9UQ80,1
P63136,0
Q7RTR8,0
P12872,0
Q9NY27,1
Q96P66,1
Q9BS92,0
Q9H0R1,0
O60220,1
Q8N808,0
Q14764,1
Q9BY79,0
Q9HAU8,1
P52961,0
O94851,0
Q7RTX1,0
Q1HG43,0
Q92665,1
A8MTQ0,0
Q9NVX0,1
P40126,0
Q16589,1
Q5CZC0,0
Q96P15,0
O60237,1
Q96HE8,0
O95868,0
Q8IY57,1
Q6UW10,0
Q9H019,1
P0CE67,0
Q5VIR6,1
Q6UWX4,1
Q96SI9,1
Q9HC38,1
Q8NDT2,1
Q96HH4,0
O00560,1
Q15051,1
O95461,0
O60704,0
Q7Z417,1
Q9NUJ3,1
Q9P2W1,1
Q9Y4Z0,1
Q9GZL8,0
Q8NG35,0
Q96A59,0
Q9H6W3,1
Q6UWB4,0
Q9NYY3,1
Q5VU36,0
Q9Y5K8,1
Q9ULJ1,1
Q9UI09,1
Q8IV35,0
O14936,1
Q4VC39,0
Q9BY77,1
P21281,1
Q8N945,0
Q96I25,1
Q53TN4,1
Q6ZWT7,0
Q8N4K4,0
Q16718,1
Q96EY1,1
Q96SF2,1
P17844,1
B1APH4,0
Q14197,0
Q7L5N1,1
Q13620,1
P0C7Q6,0
Q8IZT6,1
Q15620,1
Q969X6,1
O15234,1
Q9HC16,1
Q96CT7,1
P10071,1
O96000,1
Q8TAV3,0
O94818,1
Q9HD20,1
Q5JTH9,1
Q9P1A6,1
Q96M78,0
A6NKP2,0
O00411,1
Q5T2N8,1
Q8IZM8,0
Q08ET2,0
O43868,0
Q9BXP5,1
Q13112,1
O15240,1
Q01081,1
P21397,1
Q15077,0
O00214,1
Q9Y3E7,1
Q96LW2,0
Q96LA9,0
Q9H6F5,1
Q6ZW13,0
O15034,1
Q8IX01,1
Q9Y5X5,0
P62699,1
Q7Z478,1
O94906,1
A8MXY4,0
Q86T03,0
E2RYF7,0
Q9H4S2,0
A0A0A6YYK1,0
P11166,1
O76094,1
Q96JM3,1
Q7Z3H0,0
Q9HB21,1
Q8N687,0
Q15654,1
Q96HA1,1
Q5JRS4,0
P16452,1
Q9BU70,0
Q9NZI5,0
Q9C0J8,1
Q96MG7,1
P22692,1
Q96EK5,0
Q01469,1
Q96N21,0
O76054,1
Q9UBM4,0
Q9BUV8,0
Q15485,0
Q3SXM5,1
Q8IYM9,1
P13804,1
P52739,1
Q6VY07,1
Q9Y4W6,1
P29371,0
Q99986,1
O95998,0
P49458,1
A6NDR6,0
O60763,1
Q9NS56,1
O60500,1
P0CB47,1
Q9Y2P8,1
Q8NFP4,0
Q8N5A5,1
Q5JRC9,0
O60308,1
Q15121,1
Q9UKV0,1
Q6PJT7,1
O95886,1
Q9NYB5,0
P60509,0
O15371,1
O60909,0
P54136,1
Q9NVH1,1
Q86W56,1
Q96HF1,1
A0A1B0GVH7,0
P63220,1
Q96PL2,0
Q9HCM3,1
A0A0U1RRK4,0
Q9H501,1
A6NEL3,0
P06870,0
A3QJZ7,0
P10915,1
Q96A58,0
Q8N485,0
Q96LT7,1
Q9BRT6,1
O75964,1
Q12815,1
Q3LI58,0
Q6W2J9,1
A4D263,0
P27708,1
Q8N1E2,0
Q2NL82,1
Q9NQV5,0
P49961,1
P55081,1
Q5VVM6,0
Q9Y6T7,1
H3BSY2,0
P51784,1
A6NNB3,0
Q9Y5I3,0
O60930,1
P43681,0
Q9NX05,1
Q5S007,1
P0C7V7,0
P09417,1
P43897,1
Q8NAV2,0
Q8TF40,1
P25789,1
Q9H5X1,0
Q8TE57,0
Q9H0H9,0
P21452,0
Q9UQB9,1
Q3LHN1,0
Q9Y294,1
Q8NEL0,0
Q8TEV8,0
Q6ZRR5,0
P0DKB6,0
Q15388,1
Q5H9R4,0
O75604,1
Q8NET5,0
O95628,1
A6NCS4,0
P36578,1
A0A087WXS9,0
P33981,1
Q5RKV6,1
P43628,1
Q8WUU4,0
Q8N6G2,0
Q86XZ4,1
O43426,1
Q9H1D0,0
Q6QNY1,1
Q16665,1
P19835,0
O75061,1
Q03938,0
Q8N4N8,1
O95150,0
Q9UKL2,0
Q99935,0
Q9HBE4,0
Q86XP3,1
Q9BTD8,1
Q9H2X6,1
Q9BZJ7,0
Q30KQ1,0
Q7Z589,0
P42345,1
Q6UXR8,0
Q9UHI6,1
Q9Y2F5,1
P51149,1
Q8TAG6,0
O00193,0
Q86T29,0
Q9Y3U8,1
Q9H9Y2,1
Q9UJW0,1
P62888,1
P53007,1
Q5TCZ1,1
P59901,0
P38919,1
Q96Q91,0
Q96PN6,0
Q9H579,1
Q9GZM5,1
Q8TF74,1
Q30KQ7,0
A0A1B0GTR3,0
A0A0B4J276,0
A8MUP6,0
Q8NFL0,0
Q6UW15,0
Q9NY61,1
O60486,0
Q9UIG0,1
P52823,0
Q8N9X5,0
Q8NEW7,0
Q9H6R0,1
A0A0K0K1C0,0
Q9BXI3,0
A2RUQ5,0
P10275,1
Q8N123,0
P20042,1
Q8NGB4,0
A0A0C4DH41,0
O43823,1
O95750,0
Q00526,1
P14550,1
P32247,0
Q9UKN1,0
P28289,1
P20292,0
Q9UQF0,0
A0A576,0
Q96T53,0
Q96FI4,1
O43175,1
Q5SQ80,0
Q9Y646,0
Q58G82,0
Q09161,1
A2RUB1,0
Q86UN2,1
Q8N118,0
Q86UD3,0
Q8WXE1,1
Q9NQS3,0
Q15435,1
Q6NXP6,0
A6NJY1,0
Q6UB35,1
Q7Z408,0
P23396,1
Q14289,1
Q99459,1
P62269,1
Q6V0L0,0
Q9NZ20,0
A0A075B6N4,0
A0A1B0GVG4,0
Q7KZ85,1
Q9Y5E7,0
Q5T6R2,0
P56180,1
O95359,1
Q6F5E8,0
Q02543,1
Q92766,1
O75953,1
Q9BS26,1
Q99633,1
Q99848,1
Q9NYJ7,0
A6NDP7,0
Q10567,1
Q8TCA0,0
B3GLJ2,0
Q5VU69,0
O00305,1
A0AV96,1
Q96I13,0
Q96F81,0
H3BTG2,0
Q5H9M0,0
Q68CP4,0
Q9Y241,1
P31150,1
O15172,0
Q9BZJ6,0
Q8NH60,0
Q8TEY7,1
A6NM66,0
Q9UPU9,1
O43615,1
Q9NWH9,1
Q13332,1
A0A0B4J266,0
C9JBD0,0
Q5HY64,0
Q9BQM9,0
Q2M3C7,0
Q6UW49,0
P11413,1
P22105,1
Q8WTZ4,0
Q9H1I8,1
A0AVI2,0
Q9BXL8,1
Q9NZM3,1
Q71H61,0
P53779,1
Q5T4I8,0
Q2TAP0,1
P35251,1
A0A1W2PR48,0
Q68DK2,1
O60548,0
Q8TDU5,0
Q9NY59,1
Q04726,1
Q8IUD2,1
Q9H3N8,0
Q8N5U0,0
Q9NS84,0
Q14145,1
O00398,0
P11277,1
A0A1B0GTS1,0
Q6XXX2,0
P29372,1
Q96NS1,1
Q96PD5,0
A8MRT5,0
P06396,1
Q9UBC7,0
P09919,0
Q9GZS9,0
Q68D20,0
Q96JH7,1
Q8NG97,0
P01624,0
P08582,0
P00491,1
Q13349,0
Q07065,1
P03915,0
P18887,1
Q86XR8,1
Q6UXV0,0
A6NC86,0
Q6ZMJ2,0
Q6XD76,0
P60507,0
Q6N022,0
P13987,1
Q14CZ0,0
Q9H1B4,1
Q9NQ79,1
Q5VT06,1
O95983,1
O43345,0
O75346,0
Q8NCQ7,1
Q8NBT3,0
Q6NYC8,1
Q9NTZ6,1
Q15287,1
Q9NQX3,1
Q8TCG1,1
Q15058,1
Q3MIW9,0
Q9NX09,1
B9EJG8,0
Q7Z2Z2,0
Q9NY12,1
Q8N300,0
P08F94,1
Q8TAC1,0
Q92600,1
Q5FWF7,0
P13236,0
Q8NHV4,1
Q9H4R4,0
Q53H96,1
P48444,1
Q12933,1
O95169,1
Q15061,1
Q8IX30,0
P47893,1
Q14694,1
P32004,1
Q9H0E2,1
Q9NUQ9,1
Q9UQE7,1
Q6UXP7,0
O60870,1
Q96JQ5,0
Q9NS75,0
Q96NU7,0
Q8TAA3,1
Q93015,0
O00471,1
Q14451,1
O75019,0
Q9C099,1
O95433,1
Q9Y5N1,0
Q9NS40,0
Q9Y6A2,0
Q9UPN3,1
Q14974,1
Q86WS4,0
Q9NRC9,0
Q8TB40,0
O43313,1
E9PI22,0
P0CG12,0
Q8NB16,1
Q08945,1
Q9BWX5,0
P14866,1
O75496,1
Q5SSG8,0
Q96TA2,1
Q76KD6,1
Q6ZU15,0
P23468,1
Q9BYL1,0
Q8NBB2,0
Q6ZWE6,0
P81133,1
Q86X45,0
Q9HD33,1
Q96RA2,0
Q9BR46,0
Q9Y2Y1,0
O00483,1
Q9Y224,1
O00425,1
A0PJX0,0
Q9H9Y6,1
Q96D05,1
Q9NNZ6,0
Q07092,0
Q6UWR7,1
P13385,1
Q14155,1
Q8IWR0,1
Q8NHV1,0
O15381,1
Q8NH74,0
Q9BRU9,1
P01880,0
A6NNE9,0
Q8N8Q1,0
Q8TE73,0
Q8NGC5,0
P43119,1
Q08648,0
Q9Y4C0,1
Q5HYW3,0
Q9NX45,0
P25205,1
Q9BUX1,0
P62380,1
Q99497,1
O14980,1
P24534,1
Q9P2K9,0
Q8NG27,1
Q6UYE1,0
O60667,0
Q6B9Z1,0
P01106,1
Q8IXZ3,0
Q2HXU8,0
Q8WXG6,1
Q16559,1
Q5CZ79,0
P28072,1
Q9UBW7,1
Q13702,1
P17066,1
Q9H2X9,1
A6NN73,0
Q9NP70,0
Q15554,1
P05090,1
Q13698,0
Q6IWH7,0
A0A0B4J235,0
Q6H8Q1,1
Q2M3T9,0
A6NHY2,0
Q14966,1
Q9C0D2,1
O15524,1
Q14671,1
Q9UF47,0
O75818,1
C9JSJ3,0
P43627,0
P21217,0
Q13609,0
P46782,1
Q7Z7M8,0
Q9NPG1,0
Q9UMS4,1
A1L020,1
Q16653,1
A1L3X0,1
Q9BTT0,1
Q9Y226,0
Q9NQI0,1
Q9HD42,1
Q12988,1
Q8IZS7,0
Q5SGD2,1
O75152,1
Q8IV08,1
Q5SZL2,1
Q96DL1,0
Q96PG2,0
Q92844,1
Q7Z6P3,0
O95319,1
O43361,0
Q8N3I7,1
A6NC97,0
P16157,1
Q6ZP68,0
P43004,1
Q9UNZ5,1
Q6ZVS7,0
Q92925,1
Q9P1Z0,1
Q86TL2,0
P46777,1
Q06587,1
P04090,0
Q15928,0
Q8N5J2,0
O14960,0
Q9NTU4,0
Q0ZLH3,0
O00442,1
Q8IZ83,1
Q15046,1
Q86UE8,1
Q13724,1
Q96MU5,0
P59190,1
Q86YS7,1
Q9UIW2,1
Q02297,1
Q68DU8,1
P41208,1
O15079,1
Q8TBF8,0
Q2M2D7,0
O94903,1
Q5TA45,0
Q6RFH5,1
P37840,1
P52597,1
O00574,0
Q9UNZ2,1
Q96S59,1
Q9H4B0,0
Q7L0J3,1
P42229,1
Q5W0B7,0
Q8WUM0,1
P50995,1
Q9UM54,1
Q8TBR5,0
O15520,1
P56915,0
P07384,1
Q6ZTY9,0
Q9BYH1,0
Q9H1Q7,1
Q9Y3B8,1
Q8N3T1,0
Q13813,1
Q9NPJ1,1
Q8WV28,1
O75880,1
P01876,1
P28370,1
Q9H211,1
Q9UI17,0
Q96TC7,1
P39656,1
O95972,0
Q4G0Z9,0
P22061,1
Q9BXN1,0
Q96NI6,1
I3L273,0
Q9NX78,0
Q02153,0
Q92502,0
Q9Y3F4,1
Q9UM13,1
Q00341,1
Q5JSQ8,0
O00291,1
Q96IZ0,1
Q96PU4,1
P49221,0
O60287,1
O95450,0
Q6Y7W6,1
O43745,0
P43632,0
P62314,1
Q9Y5J1,1
Q8NGJ8,0
Q8IZU2,0
Q14207,1
Q9HAV7,1
O75711,0
P11171,1
Q9UKI3,0
Q9Y2D4,1
Q9H606,0
P78381,0
P00451,1
Q8N2Z9,0
Q5T1Q4,0
Q6ZR85,0
Q14739,1
Q9Y3B1,0
Q8TAM2,1
Q86UT6,1
Q08J23,1
Q9UGB7,0
Q6ZN04,1
Q5VZ03,0
P19474,1
Q92769,1
Q8IXI1,1
P05114,1
Q8NC60,1
Q5VST6,0
Q8IZU0,1
Q6PEZ8,0
P43359,0
O60927,1
Q8NGL1,0
Q5T5C0,1
Q8NBT0,1
P54578,1
Q00325,1
A6NMZ7,0
Q6GYQ0,1
P48201,0
Q3B820,1
Q5VTH9,0
O94929,1
O43818,1
O95639,1
Q9UHC1,1
Q00403,1
Q86UL8,1
Q5VWP2,0
Q5T481,1
Q13901,1
Q8NH63,0
Q9H1A4,1
Q96CN9,1
Q0P670,0
Q96DN5,1
P35226,1
Q96D53,0
Q86TV6,1
Q14789,1
Q6UY27,0
Q6Q8B3,0
P18124,1
P36776,1
P51798,1
Q9NZM5,1
Q6PIU1,0
Q5JWF2,1
Q6IN84,1
O14626,0
Q5U5Q3,1
Q8WV44,1
P78324,1
P49406,1
P48729,1
Q9NXJ5,0
Q14154,0
Q14191,1
P50461,0
Q3MJ16,0
Q9GZN7,1
Q7Z4Y8,0
P20674,1
Q504Q3,1
Q96SE0,0
Q5T8R8,0
Q8IYB4,0
A6NFN3,1
Q8N6M5,0
P17600,1
Q9UHD2,1
Q6IAA8,1
O75489,1
Q9P0L2,1
Q96Q04,1
Q9NPA1,0
Q8N8E3,1
Q06787,1
Q15024,1
A8MXZ1,0
Q63HR2,0
Q96F86,1
Q8IW00,0
D6RBM5,0
P50579,1
Q9H4Y5,1
O95965,0
Q8TCE6,0
A6NN90,0
Q9BUB5,1
Q8NAT2,0
Q7L2K0,0
Q99969,0
O95182,1
Q5J8M3,1
Q9NUD5,1
Q96GX8,0
Q969L4,1
Q8N9R8,1
Q8NGK3,0
P46821,1
P0C7N5,0
P18858,1
Q16514,1
Q16533,1
Q12986,1
Q17R55,0
Q5SWX8,0
Q9NX58,1
Q9Y3Q4,0
P82909,1
P07911,0
Q9NZG7,1
Q9Y267,0
Q5SY85,0
Q5R3K3,0
A8MQ11,0
Q6UXT8,0
Q96RU7,1
Q86XF0,0
Q9H425,1
Q9BQI7,0
Q6J272,0
P13611,1
Q9NVP1,1
O60806,0
Q8N9N2,1
Q8IZA3,0
O15083,1
Q9NY26,1
P18206,1
Q8WZ42,1
Q9BW11,1
Q96LA8,1
Q53FT3,0
Q5XG87,1
A0A1B0GUJ8,0
Q96AG3,1
O75781,1
O94910,1
P61129,1
Q8N4Z0,0
Q9NZB2,1
Q9NT62,1
Q8NGE8,0
Q86VQ0,1
Q3KR16,1
Q9Y2K1,1
Q8WY50,0
P40926,1
Q6U949,0
O15226,1
P55895,0
Q2VIR3,0
Q9H4L4,1
P78317,1
Q2TAY7,1
Q6P087,1
Q8NHL6,1
Q8IVW8,0
Q6ZU69,0
P80511,0
Q5GJ75,0
P50990,1
Q15274,1
A6NEC2,0
Q14439,0
Q4V9L6,0
O14617,1
Q6UDR6,0
P03372,1
P12955,1
Q9HA65,1
Q6ZQV5,0
Q96KK3,0
Q9NQT4,1
Q9UJ98,1
P23284,1
Q9UFD9,1
Q9BYC9,1
Q6UWV7,0
Q96DA6,1
Q5T0T0,0
Q01449,0
Q99638,1
O60645,1
O95990,1
Q9HCE0,0
P35453,1
Q9ULX6,1
Q9UBB4,1
Q8TDC3,1
A8MWK0,0
A0A0B4J264,0
O43670,1
Q8N614,0
Q9NV64,0
A6NFA0,0
Q9BYG3,1
Q15723,1
P27352,0
Q96K17,1
P30050,1
P51116,1
Q8NFQ5,0
Q06495,0
O00321,0
P54886,1
O60760,1
Q9H9B4,1
P19075,0
Q9UER7,1
Q495B1,0
Q8WVZ7,0
Q53S99,0
Q15434,1
Q5T3I0,1
Q14781,1
Q96E09,0
O94766,1
Q96MU7,1
P45880,1
Q5R3F8,1
Q495M9,1
O95373,1
Q86SQ7,1
Q14416,1
Q96SL8,0
P01579,1
P54727,1
P60568,0
O95466,1
Q9Y5I2,0
A0A1B0GUV7,0
Q9UPS8,1
Q7Z2W4,1
A6NNM3,0
Q6NVV3,0
Q9P035,1
Q5T7P6,0
Q9P299,1
Q15782,0
O60931,0
O95336,1
Q99547,1
P29144,1
Q5VU65,1
E9PJI5,0
Q9Y6N9,1
Q86XW9,0
A6NL26,0
Q9NSI8,0
Q8N957,0
Q6NXE6,1
Q7Z6W1,0
P78411,0
Q6ZWB6,1
Q9UN81,1
A0A1B0GUA9,0
P35613,1
A4QPH2,0
A6NI73,0
P62633,1
Q969I6,0
Q8NFQ6,0
Q1RMZ1,0
Q92828,1
Q2M3C6,0
Q08170,1
Q9NRI5,1
P56202,0
Q8N1D0,0
P02679,1
Q6ZQN7,0
Q8IWB6,1
Q8IZ16,0
Q9NRN9,1
P15880,1
P10072,0
Q9BXR5,0
Q9H5L6,0
Q7Z434,1
Q8NGB6,0
P46940,1
P78509,1
P13994,0
O43295,1
Q13402,1
Q86TY3,0
P49411,1
Q71F23,1
P30990,0
Q9H987,0
P47972,0
O43837,1
P35637,1
Q9NXI6,0
Q6ZNA4,1
Q07326,0
O60241,0
P42285,1
P00846,0
P31644,0
Q9H799,0
Q14153,1
Q15555,1
O96005,1
A8MYU2,0
Q9UQG0,0
Q8TF44,1
Q13361,0
Q6NUS8,0
P0CG36,0
Q9NRJ2,0
Q86Y34,0
Q9GZV7,1
Q0ZGT2,1
Q9NQ90,0
Q9Y543,0
A0A1B0GVQ0,0
Q9BZ97,0
O43813,1
Q496M5,0
P0CJ85,0
P09661,1
P49327,1
Q8TDY3,0
Q9BU68,0
P10515,1
P29122,1
Q9GZV9,1
Q14738,1
Q14690,1
Q9NZQ0,0
P17032,0
Q92558,1
P59103,0
Q92616,1
P22492,0
Q5VUB5,1
Q9UBC2,1
Q9ULC8,0
O95866,0
Q8WXU2,1
Q8N699,0
Q8WYQ4,0
P37802,1
A2RUR9,0
Q5HYC2,0
P31415,0
Q92793,1
Q96KN9,0
Q02952,1
Q5T2E6,0
Q9BQI5,1
Q7L0Y3,1
Q96B36,1
P51148,1
Q13303,1
Q9NRX1,1
Q9NUT2,1
Q9Y2Z0,1
Q9UKZ1,1
O14910,1
P16615,1
P25686,1
O15131,1
Q49A33,0
P51606,0
P54132,1
O75093,0
Q8WZ04,0
Q8N1V8,0
Q9Y235,0
Q9UI40,0
Q9H8S5,0
O14965,1
Q5NUL3,0
Q8WYP5,1
Q5SZD4,0
P29401,1
Q9BVR0,0
Q8WW35,0
Q5U649,0
O95484,0
Q8NFM4,0
Q9Y2R4,1
O00300,0
Q96HA8,0
P32455,1
Q96SJ8,0
Q86UE4,1
Q02040,1
Q15370,1
P0DKB5,0
O14576,1
Q658N2,0
Q9NRY7,0
Q8WX94,0
Q96JG6,0
Q8IW52,0
Q9BZD4,1
Q9H9H5,1
P35716,0
Q9UJU6,1
Q8N9V7,0
Q5T8P6,1
B1AK76,0
Q15139,1
Q8TC76,1
Q8N1W2,0
Q8TDS7,0
Q96GE4,1
O75190,1
Q15005,1
Q7L2E3,1
A0A0B4J280,0
A8MYP8,0
Q8NHQ9,1
P41271,0
Q05397,1
Q13555,1
Q9H4G4,1
O43463,1
Q8N3V7,1
Q86YJ5,0
P54851,0
P60468,1
P58170,0
P55290,1
I0J062,1
Q13188,1
Q9UPQ0,1
Q9BQ69,1
Q3B726,1
O15484,1
H3BQW9,0
Q5T2S8,0
Q9Y6J8,1
P08708,1
Q9Y6J3,0
P00746,1
Q96B97,1
P04211,0
Q0VDG4,0
P32238,0
Q92729,1
Q13610,1
O14904,0
Q9UNF1,1
O43395,1
P62979,1
Q99719,1
A8MV23,0
Q9UI08,1
Q7RTX7,0
Q6P1Q9,1
Q05823,1
Q719I0,0
P29350,1
Q9H8M1,1
Q5MJ07,0
P63173,1
Q6GPI1,0
Q9NYP8,0
Q8IXJ6,1
Q7Z6G8,1
Q9H0D2,0
A2A288,1
A6NKK0,0
Q13099,1
Q8NHC7,0
Q674X7,1
Q5SRN2,0
Q8WXI8,0
Q8N4B1,0
P47914,1
P20340,1
Q96SB8,1
Q9H8H0,1
Q96RY5,1
Q8N5P1,1
O95817,1
Q8NBQ7,1
Q92752,1
D3DTV9,0
Q00839,1
Q86U38,1
Q15075,1
O15467,0
Q9BZ67,1
Q9GZZ0,0
Q9UPY3,1
Q9Y2V0,0
O75396,1
Q9HAU5,1
Q9Y3B4,1
Q9Y3C6,1
Q9H7F4,0
Q13423,1
Q9BUQ8,1
A0A075B6W5,0
Q53R41,1
Q9Y4W2,1
Q96QC0,1
O60313,1
Q96I23,0
Q15059,1
Q96PP4,0
P60228,1
Q9NQW6,1
A8K554,0
Q969E3,0
Q8IVL8,0
P59773,0
Q15818,1
Q9UMQ3,0
A6NDU8,0
P17980,1
Q96DM1,0
Q6ZQR2,0
Q04760,1
O14639,1
Q92841,1
Q9Y6D9,1
Q6TDU7,0
Q8N2H4,0
Q8NCS7,0
Q8NI38,0
A6NI47,0
Q10570,1
Q9H756,0
P0C5Y4,0
Q9BYV8,1
Q7Z2V1,0
Q9UEW8,1
Q63HM2,0
A6NDD5,0
O96013,1
Q5T2L2,0
O94823,0
H0YL14,0
P10276,1
Q96KJ4,0
A8MTT3,0
P11182,1
Q9UBQ0,1
Q96MM7,0
P78527,1
P00505,1
Q13478,0
A0A0B4J263,0
O96008,1
Q6DRA6,0
A6NFE3,0
Q9H444,1
Q9P2U7,1
Q9H869,1
Q08554,1
Q8N766,1
Q3V6T2,1
O95810,0
P57740,1
Q15643,1
P35318,0
Q8NGH6,0
Q8IWS0,1
Q8TBR7,0
A2RUT3,0
Q9BX66,1
Q2M3M2,0
A0A1B0GU29,0
O60341,1
Q96A57,1
Q8WXF3,0
P24928,1
Q2M2I8,1
Q92759,1
P31391,0
Q6PI97,0
Q9NV23,0
A6NK06,0
Q9BXE9,0
Q8IX12,1
P04181,1
Q86V87,0
Q8NGR4,0
Q8IYS4,0
Q9BRU2,0
O43474,1
Q96BW1,0
Q6UWE3,0
Q6UXH0,0
Q96DD7,0
Q9HC36,1
O75521,1
Q5JSJ4,0
A5PLL7,0
P03986,0
P0C091,0
Q8NH08,0
Q8IX21,0
Q96ST8,1
O95859,0
Q15583,1
Q7Z5Q1,1
Q9Y2A4,0
O00258,0
Q8TBM7,0
O14757,1
Q9BXS5,1
Q9BRJ7,1
Q8N103,0
P09012,1
Q14194,1
P46087,1
O00264,1
B7Z368,0
O43347,1
P14770,0
Q8IUC3,0
Q96MX6,0
P49790,1
P49765,1
Q9NXL6,0
Q9UHD0,0
Q9Y4X3,0
Q9Y2Q3,1
Q9UPR5,1
Q8IVH4,0
Q6P575,0
P58550,0
P0DN25,0
Q6E0U4,1
A0A0A0MS06,0
Q6VMQ6,1
Q9ULE4,0
O00429,1
O75940,1
Q96P63,1
P37837,1
O95237,0
Q86W47,0
P51861,0
O14776,1
O14976,1
P30044,1
Q9UHB7,1
Q75WM6,1
Q96AG4,1
Q6NSW7,0
A7E2U8,0
P03928,0
O76095,1
Q8TF08,0
Q9BR09,0
O75179,1
Q7Z5D8,0
Q8N8F6,0
P23946,0
Q8N999,0
Q8IXJ9,1
P42695,1
Q9NR12,1
Q9NYP3,1
Q10587,0
O60832,1
Q5BKZ1,1
Q6P461,0
Q5XKR4,0
C9JLR9,0
Q5VZ19,0
P84243,1
Q8NG78,0
Q9NWT1,1
Q8NH06,0
P68032,1
Q9Y2D5,1
A8MWE9,0
Q9H1K6,0
P54819,1
O75715,0
Q9BVA0,1
P58546,1
Q7Z6J2,0
P13639,1
Q9Y3C1,1
P03901,0
Q96QD9,1
Q99075,1
A8MUL3,0
Q8WVJ2,1
Q08378,1
Q9ULH7,0
P06744,1
Q9H4Q3,0
Q96B49,0
P38936,1
Q8NGV6,0
Q9H4B6,1
Q96BK5,1
Q86SM5,0
P25054,1
P02794,1
Q6PJG6,1
Q99527,1
Q16790,1
Q8TDW4,0
C9JVW0,0
Q9HBX8,0
Q8N392,0
A6NJW9,0
Q9BZE7,0
P52306,1
Q9NRM7,1
P21579,1
Q96DU9,1
Q9UF12,0
Q6ZSK4,0
Q9NWV4,0
Q07444,0
A0A1B0GVM6,0
O95399,0
P56134,0
Q15582,0
Q14683,1
Q3YBR2,1
Q8NBR0,0
P31939,1
Q9NP91,0
Q6L8H1,0
Q8IYA2,0
Q9NPE3,1
Q8IY81,1
O43390,1
Q5VXU3,0
A4D250,0
Q6PGP7,1
P22694,1
Q9NR56,1
Q4G0J3,1
Q8N7H5,1
P62266,1
Q15029,1
P29508,1
O95196,0
P49448,1
Q9Y2J2,1
P62312,1
P16298,1
Q5VYS8,0
P36404,1
O00481,0
Q8NGI9,0
Q9NQ66,1
Q8TDX9,0
O75643,1
P11177,1
Q96N76,0
Q6IV72,0
O95140,1
P08908,1
P08247,1
Q69YU5,0
B9A064,1
Q16584,1
H0Y7S4,0
P0DO97,0
B6A8C7,0
P0C617,0
P25705,1
Q92777,1
Q5T7M4,0
P60985,0
P53985,1
P52434,1
P59646,0
Q96T75,0
P10155,1
P07305,1
Q96HJ3,1
P25490,1
Q86WX3,1
Q92608,1
A6NH21,0
Q5VTL7,0
A8MUK1,0
P05556,1
Q5T750,0
Q3B8N5,0
Q96R06,1
P62917,1
O00767,1
Q96BZ4,0
Q99961,1
Q86UQ5,0
Q5TF39,0
Q8N944,0
Q9Y580,1
Q7LBC6,1
Q9Y3R5,0
Q13596,1
P51684,0
P03999,0
Q5VYS4,0
Q53FZ2,0
P28288,1
Q8N5K1,1
Q53H12,1
Q14332,1
Q56P42,0
Q6ZTB9,0
Q92599,1
P0DJJ0,0
P01871,1
O14657,0
Q9H8X3,0
Q538Z0,0
Q5TGI4,0
A6H8Y1,1
O95835,1
Q00169,1
Q8TB03,0
Q8NFZ5,1
Q8NHH9,1
Q9NVR7,1
P60891,1
O43556,0
P54198,1
Q9BZB8,1
Q52M75,0
Q9UBK9,1
Q6ZN84,0
Q9UGY1,1
Q07002,1
Q9UNX4,1
Q15027,1
P56192,1
Q9Y6V7,1
Q13342,1
Q9UPV0,1
Q8NCQ2,0
O43497,1
P47211,0
Q8N8E1,0
O00270,0
Q8TBF2,0
Q8WV19,0
Q4W5P6,0
Q96P26,1
Q86V48,1
P13498,1
Q15147,1
Q00577,1
Q8N7R1,0
O60936,1
Q8N5F7,1
Q9BRN9,1
Q9P0P8,0
P53634,1
Q9NRL3,1
Q8TCC7,0
Q99788,0
P19876,0
Q7L1T6,0
Q7Z2T5,1
Q96JJ3,1
Q9BY21,0
B7Z8K6,0
C9JUS6,0
P57730,0
Q96T60,1
Q99946,1
Q8IX94,0
Q07021,1
A0A0C4DH26,0
Q14151,1
O43805,1
P02787,1
Q5SW96,1
Q8N8A6,1
O14827,1
P02545,1
Q9UKP6,0
P0CH98,0
P61803,1
Q8TAP9,1
P54257,1
Q0D2K5,0
Q5JTD7,1
Q9HBY0,0
A8MXE2,0
P21283,1
P49591,1
P08861,0
Q8NHW6,0
O00757,0
Q9NVL8,0
P35348,0
Q969S3,1
Q6MZM0,1
F2Z333,0
Q15020,1
Q5T4H9,0
Q86SE8,1
A6NE02,1
P23193,1
Q96K31,0
Q49A17,0
Q5JUR7,0
P63135,0
Q96AZ1,0
P0C7L1,0
E5RIL1,0
A6NCL2,0
Q5EE01,1
Q8N5S9,1
Q5H9L2,0
P59541,0
P51452,1
Q96CX2,1
Q5SW79,1
P09543,1
Q92904,1
P01825,0
Q5VZR4,0
Q8IWA0,1
Q9H2U6,0
Q0VAA5,0
P78362,1
Q96D98,0
P0DP57,0
P06702,1
Q9UJJ7,0
Q8TAA5,1
P22897,0
Q15393,1
Q68BL8,0
Q96P56,0
Q96EU6,1
Q9UJ37,0
Q9BYR4,0
Q70YC5,1
Q96Q35,0
A0FGR9,1
Q99728,1
Q9C0C2,1
Q8TAY7,0
B2RXH4,0
Q96PD4,0
O14874,1
Q5UE93,1
Q02790,1
Q8NGY7,0
Q9Y639,1
Q9UN37,1
Q8NH40,0
Q5JPE7,1
A6NC05,0
Q86X60,0
Q14011,1
Q6UXD7,0
Q9UK22,1
Q9BX40,1
Q6NYC1,1
Q765I0,0
Q13642,1
Q53HL2,1
Q9NSB8,1
Q16181,1
Q6NX45,1
A6NHQ4,0
Q8NDQ6,0
Q8NEM0,1
P0DPB6,1
P41597,0
A0A0B4J1V7,0
Q8IZD4,1
O75409,0
Q8IYF1,1
A6NGU7,0
Q9NPD7,1
Q3LI67,0
Q95460,0
Q15642,1
Q8N4T8,1
A1L188,0
Q9Y4F3,1
O95741,1
Q71DI3,0
Q92993,1
Q5JU85,1
Q96MF4,1
O75616,1
Q9HCJ0,1
A0A1B0GTW7,0
Q9BYR3,0
Q14055,1
Q9HB07,0
Q9Y3I0,1
P08621,1
Q6XYB7,0
P51582,0
P17028,1
Q02156,1
P47985,1
A6NHN0,0
A0ZSE6,0
Q9HCZ1,0
Q2NL98,0
Q8NHY3,0
Q6UX52,0
P07199,1
Q8IVC4,0
Q9UJG1,0
Q9Y508,1
Q9UBR4,0
Q6ICI0,0
Q9UHC6,1
Q2YD98,1
Q8IXH7,1
P39877,0
Q96JY0,1
P58062,1
Q8TBP6,0
P16383,1
Q969H9,0
Q9UMY1,1
Q9UBL9,1
Q6ZRY4,1
P07900,1
Q8NAP1,0
Q8NH94,0
Q8IXK0,1
P06401,1
Q15743,0
Q9H9P2,0
Q99700,1
O43663,1
Q8IWU2,1
Q86TB9,1
Q8N187,1
A0A1B0GUA5,0
P78524,0
Q96QH8,0
E5RJM6,0
Q9UPP2,1
Q6ZRV2,1
P59074,0
P61758,1
P40205,0
Q9NR99,0
Q5TH69,0
C9JDP6,0
O95294,1
Q9NPD3,1
Q6UB28,1
A5LHX3,0
Q86SI9,0
Q99426,1
O43506,0
Q8N3E9,1
Q8N8V8,0
Q9C0B9,1
Q08174,1
Q13416,1
Q8NI35,0
Q587J7,0
P12036,1
O00584,1
Q9NP97,1
P05387,1
Q495T6,0
Q15417,1
Q9H773,1
Q8NG77,0
F2Z398,0
Q68D10,1
Q99747,1
Q96ED9,1
P0DN82,0
O75746,1
Q6PIY7,0
Q15561,1
Q86WV6,1
Q9BPW4,1
Q9GZK6,0
Q96KN7,1
Q3MJ62,0
P40305,0
P78406,1
Q9NXR7,0
O14717,1
Q9NUA8,0
O60443,0
P41134,1
P42261,1
Q3KRA9,0
P51991,1
P0DP42,0
O15225,0
Q9Y271,0
Q96CG8,0
Q9BTL3,0
Q8NG48,0
O75127,1
A6NGN9,0
A0FGR8,1
O60563,1
P12270,1
Q9H3M0,0
Q3KNW1,0
Q68D51,0
Q8IYT2,1
Q6Y1H2,0
Q6PF04,0
P78345,1
Q9H813,0
Q9BVP2,1
P33991,1
Q71F78,0
P25098,1
Q99523,1
Q9Y5L4,1
P62906,1
Q9BYN7,0
Q15050,1
Q9NRN7,1
Q96HC4,1
A6NK75,0
P49840,1
Q8N6H7,1
O94925,1
Q99705,0
Q9H7T3,0
O00566,1
Q9BQI3,1
P41219,1
Q4QY38,0
Q5I0G3,0
Q9NY43,0
Q86UL3,0
Q8NHU6,1
Q8TAC9,0
P05165,1
Q8WXW3,1
Q8IY51,0
Q02413,1
Q8IUH3,1
Q9UNQ2,1
P62745,1
I3L0S3,0
Q6NXT6,0
Q5QNW6,0
O43692,0
Q12768,1
Q6ZP29,0
Q9HAU4,1
Q9P2H0,0
B2RXH2,0
Q7RTV5,0
Q14520,0
Q96L92,1
Q13492,1
Q96BQ5,1
P61201,1
Q17RR3,0
Q14511,1
Q6P1N0,1
Q5T751,0
Q01826,1
A6NIN4,0
A0A075B6H9,0
Q6DN72,0
Q9P1Z2,1
Q9BYU5,0
Q7Z7A1,1
O75155,1
Q6JVE6,0
Q502X0,0
Q8N7R0,0
P06748,1
P55060,1
Q8N884,1
Q7Z449,0
A6NLC5,0
Q8WZ33,1
Q0P140,0
Q15386,1
P50479,1
Q14331,1
Q5T848,1
Q8IZD6,0
P04070,0
O95944,0
Q9NV70,1
Q86VB7,0
Q9H7B7,0
Q9NR16,0
Q5SY13,0
P35222,1
P08686,0
Q96KT7,0
P19525,1
Q16630,1
Q15428,1
Q7Z3D4,0
C9J2P7,0
Q0P6D2,0
O43908,0
P19224,0
Q2MJR0,0
O43820,0
A6NIY4,0
Q8WUM4,1
Q5JXM2,0
Q96SB3,1
P68106,1
Q8NH48,0
Q9BQR3,0
Q9UKY3,0
Q8N1F7,1
Q5HYI7,1
Q9BUL9,1
Q14390,0
A0A0A6YYJ7,0
Q3C1V0,0
Q9BYG4,1
Q9P2I0,1
P24347,0
O75154,1
O00330,1
P11274,1
O14514,1
Q9NVN8,1
Q86YV5,0
Q9UHX1,1
Q68D06,0
A5PKW4,1
Q9BUH6,0
P43155,1
Q9ULX5,0
Q8WXS8,0
O95407,0
Q9Y5K6,1
P42768,1
Q8WTU2,0
A8MZF0,0
P0C843,0
A8MUX0,0
O95833,1
A0A0B4J272,0
O00533,1
Q86UN3,1
Q8NGY2,0
Q6ZMU1,0
Q99250,0
Q14162,0
Q9Y3C0,0
O60304,0
Q6IA86,1
Q9UDT6,1
P30085,1
Q9Y6Z5,0
Q8N7C7,0
Q9H000,1
Q8NEM1,0
P02675,1
C9J069,0
Q5T1S8,0
Q6P2Q9,1
P0C6S8,0
Q86SG6,1
Q15006,1
O43246,0
O14734,1
Q96F07,1
Q9NZJ7,1
Q14141,1
O95985,1
Q3LHN0,0
Q8TDV2,0
Q8NAX2,0
Q9Y3Z3,1
B3EWG5,0
Q15477,1
Q9BZL1,1
Q9Y5S9,1
Q9Y2H5,1
P78357,1
O14524,0
A6NMN3,0
Q5JTZ5,0
P49023,1
Q9UK58,1
A1A580,0
Q05048,1
Q96GE6,0
Q96N06,0
Q9NZ52,1
Q9UJT0,1
Q5T1M5,1
Q96IP4,0
Q9BUR4,1
Q8NGZ0,0
P30613,1
P16619,0
Q5T6J7,0
Q5GAN6,0
Q99884,0
Q9NR80,1
Q9Y2U8,1
Q8TDN2,0
P36542,1
Q7Z309,0
Q5SY80,0
Q9H3J6,0
P15502,1
Q9ULI1,0
Q9Y6I9,1
O43809,1
Q6KC79,1
Q96TA1,0
Q9C0F0,0
P07196,1
Q9Y2G8,0
Q96FK6,1
P0DPA3,0
P48066,0
Q9P2X8,0
Q5JPI9,0
Q13057,1
Q8IXS0,0
A6NMB9,0
P42858,1
P01024,1
P48735,1
Q96FQ6,1
Q68D42,0
C9J798,0
Q99720,1
Q6UXS0,0
P08949,0
A6NJG2,0
Q9NTM9,1
Q16740,1
Q8N6I4,0
P63167,1
O60869,1
Q4VXF1,0
P24821,1
P0DMC3,0
O95782,1
Q6XYQ8,0
Q96LT6,0
P00973,1
Q86U02,0
Q99959,1
Q96JN8,1
Q5W0B1,1
Q9P1U0,1
P59910,1
O15063,1
Q6ZNQ3,0
Q2KHM9,1
Q99418,1
A0PJY2,0
P83369,1
Q13905,1
Q6Q6R5,0
Q6P7N7,0
Q15785,1
Q86UW1,0
P39748,1
P28676,1
Q13772,1
P84090,1
P0CL85,0
Q9BRZ2,1
P0CW21,0
Q5EBL4,1
P41225,1
A2RTY3,0
Q01814,1
Q86WB7,0
Q9UQB3,1
A0A0B4J241,0
Q9BZ81,0
Q9BY31,0
Q9UIJ5,0
Q13535,1
P01133,1
Q9Y324,1
Q96GE9,0
Q01105,1
Q8N7P3,0
Q9NYM4,0
Q9UKT6,0
Q8IYI6,1
P29590,1
Q9NZJ5,1
P31323,1
O75493,0
P17812,1
P27816,1
P60033,1
Q86U44,1
P35606,1
P81274,1
Q9NPI1,1
Q9H665,0
Q9NSU2,1
P18754,1
P04150,1
Q5VZ66,0
Q9NUU7,1
Q9NP08,0
O60928,0
Q32M78,0
A4D2P6,0
A0A075B6J6,0
Q8NGS1,0
Q5W0A0,0
Q8N1P7,0
Q05D60,1
Q96LU5,0
P36268,0
Q99460,1
P47888,0
Q9Y6N8,1
Q12972,1
Q13347,1
Q6P3R8,0
Q8IUF8,1
Q9ULU8,1
A6NHT5,0
Q01484,1
Q9UBQ5,1
P49588,1
O60293,1
Q8N0V1,0
P58417,0
A0A1B0GVG6,0
Q3KNS1,0
Q05639,1
Q9Y5J9,1
Q9H6Z4,1
P28066,1
Q9Y4I1,1
P99999,1
Q86U17,0
P59942,0
A0A075B6H8,0
Q5T753,0
Q53H64,0
Q9UPT5,1
Q5EBM4,0
Q8N3J2,0
Q9Y4L1,1
Q9P2E3,1
Q9H8M7,1
O76042,0
P05129,1
O14894,0
Q8TF61,1
Q9H093,1
Q9NYB0,1
O75530,1
Q9H461,1
O14495,1
Q86UW6,1
Q96ES6,0
Q05952,1
Q9Y4R7,1
Q9NQC7,1
P19338,1
P14867,1
Q8N456,0
Q5I7T1,0
Q6ZQY2,0
Q9UBD3,0
Q8WWU7,0
Q96QA5,1
Q8N142,0
P62495,1
Q9H936,1
Q96KG9,1
F5H4B4,0
Q8NEX6,0
O60575,0
Q6UXZ4,0
Q9UBP6,1
P05198,1
Q9H0B6,1
O00408,1
Q9BRQ3,0
Q9H0C2,1
Q6ZV65,0
Q9NYR8,0
Q9Y3Q7,0
Q9BZX4,0
Q9Y6N5,0
Q8NHV9,0
Q9NYY8,1
Q96R47,0
P51648,1
O75683,1
Q5SXM2,1
P0DL12,0
Q494W8,0
Q8IVV8,0
Q8NGZ3,0
Q9Y4G6,1
P0CG21,0
Q9BQ89,1
Q6P5S2,0
Q9H6A9,0
P0CH99,0
Q96RJ0,0
Q1EHB4,0
Q6ZN32,0
O75074,0
Q5T5Y3,1
Q8N1M1,0
P60520,1
Q14146,1
Q5TCX8,1
Q92569,1
P09874,1
Q96HE7,0
Q70E73,1
Q8TA94,0
Q8TAQ9,0
Q8N136,1
P62875,1
Q7RTW8,0
O43684,1
Q96M34,0
B7ZC32,0
Q8TCB0,1
Q9UJL9,0
P59022,0
P62995,1
Q6ZVL6,1
P48436,1
Q16570,1
P0DML2,0
Q9NQG7,0
P13073,1
Q9NRR5,1
Q8IYR0,0
Q9Y371,1
Q8NCW5,1
Q6UXX5,0
Q96T55,0
Q9NQW5,0
P04746,0
Q96EP5,1
Q9BX59,0
Q9UL19,1
Q6PIF6,1
Q2QD12,0
Q14203,1
Q9ULB1,1
P46783,1
Q9H2B4,0
Q12802,1
Q9ULD8,0
Q02577,0
A6NCM1,0
Q8N137,1
Q15858,0
P78346,1
Q9Y561,1
O15466,0
O15479,1
Q9BWC9,1
Q5VWX1,1
O60884,1
P21359,1
O76041,1
P0DN78,0
P15976,1
Q4G0N0,0
Q96MT8,1
Q15042,1
Q92186,0
Q10586,1
P29536,0
Q13606,0
A6NFZ4,0
P52943,1
Q8TDJ6,1
Q9H171,1
P35325,0
O94875,1
O75175,1
Q9H114,0
Q5SV17,0
Q8NBP0,0
P46721,0
Q16629,1
P78367,0
O43422,0
Q16348,0
A1A4V9,0
P53350,1
Q7Z2K8,1
O76003,1
Q86VW0,1
Q68J44,0
Q9Y6C9,1
Q9H706,0
P47897,1
Q96EY4,1
Q14258,1
Q6ZVH7,0
Q96DS6,0
P09619,1
Q3ZCN5,0
Q9UGJ1,1
Q9NTI5,1
O14979,1
Q5T742,0
P61421,1
A6NI15,0
Q8IZN7,0
Q9UPT6,1
Q8TBE7,0
Q9H228,1
Q9BQE6,1
A6NGD5,0
Q5JWR5,0
Q6IC83,0
Q9GZP1,0
P62834,1
P15421,0
Q08257,1
O75534,1
Q6ZU35,0
Q9ULM6,1
O96011,1
A0A1B0GVK7,0
Q86SG2,0
P62502,0
Q16795,1
O95389,0
A8MVZ5,0
Q3ZCQ8,1
Q7RTZ1,0
O94779,0
O75367,1
Q9BXC1,0
O43614,0
O60235,0
Q53GQ0,1
Q66K74,1
Q5T870,0
Q8IZU3,1
Q6UXV3,0
Q9NYQ8,0
Q8NGS9,0
O60826,1
Q9BZM3,0
Q8NGI7,0
Q96N46,1
Q14204,1
Q99645,0
O15372,1
Q9Y5K1,0
Q9P0G3,0
Q96BN6,0
O75023,0
Q9BX68,1
O75934,1
Q9NS87,1
Q96GW7,1
P49792,1
B7U540,0
O14807,1
A8MUP2,0
Q9NRY4,1
P60484,1
Q9NZN8,1
Q5VYY2,0
Q9NUQ6,1
Q96EA4,1
Q14008,1
Q9H341,0
Q9H3P2,1
P20382,0
P15924,1
Q8NBR6,0
O75340,1
Q96RT7,1
Q9XRX5,0
Q9UJ90,0
Q9Y5G5,0
Q8NH54,0
P78363,0
Q7L622,1
P83731,1
Q330K2,0
Q9Y5X1,1
Q8TAD7,0
P59091,0
A0A1W2PQ73,0
P13985,0
Q5T7N8,0
Q8N4C8,1
Q96PV7,1
A6NEY8,0
Q9H611,0
Q96N35,0
P07814,1
A6NGH8,0
Q5SY16,1
Q8TE54,0
Q8N816,0
O76021,1
Q96R54,0
O94916,1
P78396,1
P22392,1
P35052,1
Q53QW1,0
Q15834,1
Q6QHK4,0
Q6UWZ7,0
Q9BZD7,0
Q96LB8,0
O60502,0
P50416,1
P46776,1
Q8IUB2,0
Q9UI54,0
Q11128,0
O15527,1
Q9BSJ6,1
A6NJI1,0
P53999,1
O75821,1
Q8IZF6,0
Q9UKL3,1
Q9Y334,0
Q2M329,0
O00217,1
Q8N983,1
P19484,1
Q9Y566,1
Q9GZV5,1
Q5HYJ3,1
Q2M2E5,0
P48145,1
Q8WX39,0
Q9UID3,1
Q8IVP9,0
Q9Y592,1
P10827,1
Q5T619,0
Q7M4L6,0
Q06210,1
Q6P2E9,1
Q8N690,0
P22736,1
Q7Z410,0
Q8IWK6,0
Q8N801,0
C9JVI0,0
A0A1W2PR82,0
Q13098,1
P53667,1
Q14156,1
Q07352,1
Q6VVB1,1
Q8WVN6,0
Q8WZB0,0
Q9BY60,0
Q9H8H2,1
Q08752,1
P07237,1
Q8NFJ8,0
Q15208,1
Q12889,0
Q8NH07,0
Q96ME1,1
Q8N8D7,0
Q9UJA2,0
O00499,1
P53618,1
P78426,0
Q02817,0
Q14160,1
Q9NS23,1
Q9H9S0,1
Q9UBS5,1
Q14117,0
A6NHS7,0
A6NKF1,1
Q9BXU2,0
Q8NBC4,0
Q9HCQ5,0
Q9Y2T1,1
A6NF01,0
Q92629,1
P00414,0
P35249,1
Q9BU76,1
Q8NA31,0
Q5VU43,1
Q5U4N7,0
Q9BW27,1
P26718,0
A0A0B4J268,0
Q13308,1
O43915,0
Q9NWW9,0
Q8NGK5,0
Q9Y2I2,1
Q9NYW6,0
O00144,0
P13645,1
Q6ZN18,1
P0DMR3,0
Q9NY91,0
Q9BXX2,1
A8MU46,0
Q8N9N7,1
Q6ZUX3,0
Q9HAK2,0
Q9UNM6,1
P26374,1
Q8WWQ2,0
Q9UJA5,1
Q155Q3,1
Q8N8Z8,0
P43234,0
Q7L099,1
P11362,1
P36543,1
P02686,1
Q14344,1
P40222,1
Q7Z2R9,0
Q8TDX5,0
Q16236,1
Q9P0L0,1
Q6RFH8,0
Q13418,1
Q5EBM0,0
P43304,1
Q9NPZ5,0
P0DMW5,0
Q5T2Q4,0
Q96BT1,1
Q8N490,1
Q01718,0
Q8TEM1,1
P43116,0
Q9BSJ8,1
Q5TAX3,1
Q9UH99,1
Q5SRR4,0
P51841,0
Q9HBL7,1
Q96Q05,1
Q96CW1,1
P30038,1
A4QN01,0
Q07869,1
P35612,1
Q8NDY8,0
Q6NSI4,0
O00159,1
Q12765,1
P25788,1
O00254,0
Q16576,1
Q8N122,1
P33993,1
A0A1B0GTQ4,0
Q5TGS1,0
Q2TAL6,0
Q16774,1
P35212,0
P58294,0
O15066,1
Q9H0H5,1
Q9BY64,0
Q86X55,1
Q99463,0
Q9Y4C8,1
Q96C10,1
P33992,1
Q96RQ9,0
Q9NUL7,1
A0A1B0GUT2,0
Q5VTM2,0
Q9NXH3,0
Q9H4G8,0
Q6W349,0
P06730,1
Q68CQ4,1
P62987,1
P11309,1
Q8N8H1,0
Q15007,1
Q04637,1
Q9WJR5,0
P81605,1
Q9Y265,1
P28039,0
P46109,1
Q3LI76,0
O14773,1
Q8N387,0
Q9UIG4,0
Q6ZW05,0
Q8N0Y3,0
O43623,1
Q9NRY6,0
P50552,1
Q9NY93,1
Q6IF36,0
P59780,1
Q5K4E3,0
Q8TE99,0
Q8NH95,0
Q9Y446,1
Q9Y696,1
Q00610,1
P07197,1
Q9Y572,1
Q99878,1
Q6ZR37,0
Q5VVS0,0
Q6UWY2,0
P51511,0
Q5JQD4,0
Q3B7I2,0
Q9BXB7,0
P0C5K7,0
Q9H8L6,1
Q92959,0
Q6UXY1,0
Q5JSZ5,1
Q66PJ3,1
P78423,0
Q8WVI0,0
A8MXV6,0
Q8NC56,1
P40763,1
Q9BUW7,0
Q8IYK2,0
Q6A555,0
Q9UN86,1
P33261,0
Q9UBB6,1
P0CV99,0
Q9NS39,1
Q8NGC1,0
Q9BSC4,1
Q9BZE4,1
Q9HBQ8,0
P35268,1
Q9Y3R0,1
P05026,1
Q6UXU4,0
Q8NES8,0
P10415,1
P09132,1
O94819,1
Q6B0B8,0
Q63HN8,1
Q15760,0
Q9H3Q1,1
P21554,0
P63128,0
O43826,0
P22079,0
A0A087WT02,0
P46781,1
Q8IY17,1
Q14CX5,0
Q96R08,0
H3BR10,0
Q9NQT8,1
Q5VT25,1
P41091,1
Q9NPG8,0
Q8TC44,1
Q1MX18,0
Q9NP94,0
Q6IN97,0
Q9H0D6,1
P29375,1
P62993,1
Q9UNH5,1
A0A599,0
Q96PR1,0
Q9HC23,0
Q9C0I4,0
Q14157,1
P62277,1
Q9BZI7,1
Q9UN19,0
Q8N628,0
Q9HA72,0
P08133,1
A8MW99,0
Q9NZJ0,1
Q9Y5N5,0
O15255,0
Q6NTE8,0
Q96LR7,0
Q5JVS0,1
Q96EF9,0
Q6IMN6,1
Q5W188,0
Q7Z7F0,0
Q9BQ52,1
O15145,1
Q9Y6R0,1
Q7RTY9,0
Q96MK2,0
O00522,1
Q86UW8,0
Q8NFJ9,1
P31948,1
Q9NSD9,1
Q6ZRC1,0
A0A0B4J1U4,0
Q969P0,1
Q9BRX2,1
Q9H668,0
P55786,1
Q9NRX2,1
A6NLW8,0
Q96QK1,1
Q8N8Z3,0
P55283,1
Q04671,0
Q99835,0
P18621,1
O43526,1
Q08AM6,1
P50391,0
Q96JK4,0
A6NMZ5,0
A0AUZ9,0
A0A0A6YYK4,0
Q14498,1
P49279,0
Q9UGR2,1
P02511,1
Q8IYB3,1
Q8IUL8,0
Q9H583,1
Q8WVM0,1
Q14674,1
Q6PFW1,1
Q86X59,0
O75150,1
Q15637,1
P59666,0
Q9UBQ7,1
Q12979,1
Q9Y6I4,1
Q8N573,1
Q8N7X2,0
Q96FZ7,1
Q8TBY9,0
Q9HAV4,1
Q8N6L0,0
Q9Y5G7,0
Q8N8I6,0
Q8NGR2,0
Q96JE9,1
O00422,1
P47813,1
Q5FBB7,1
P0CG41,0
Q96HG1,0
Q99996,1
P48426,1
Q6IB77,0
Q9BPY8,1
Q9UIY3,0
Q6UWT4,0
P35626,0
P20718,0
Q3MIP1,0
Q9Y6L7,0
Q8NGN0,0
Q9BUF7,1
P52701,1
A0A183,0
A0A0K0K1G8,0
Q96G61,0
Q00796,1
Q8WXF8,1
Q8IZP9,0
Q9BR10,0
P23471,1
P01037,1
Q13155,1
Q9BWJ2,0
P55011,1
Q13093,0
Q96NY8,0
Q9H6P5,1
Q5T4S7,1
Q9NVA4,0
Q8WX77,0
Q8N8A8,0
Q9ULN7,0
Q5TH74,0
O95954,1
Q92804,1
O95684,1
Q9BX69,0
Q3KQU3,1
Q9H2G2,1
P51814,0
Q12769,1
Q2M5E4,0
Q8IVN3,0
Q5VZ72,0
P49916,1
Q6NUQ1,1
O95069,0
Q01668,0
Q8WV22,1
Q702N8,1
Q6P9A1,0
P41220,1
P57723,1
O43143,1
Q9NW13,1
A0A1W2PS18,0
Q9Y585,0
O15446,1
Q86TG7,1
Q8IUK8,0
Q9HCM7,1
P41217,0
Q9HAU0,1
Q2UY09,0
A6NDY2,0
Q96EZ8,1
Q96S99,0
Q9BQP9,0
Q9H8K7,0
Q96HY6,1
Q15672,1
Q92670,0
P0C7P3,0
Q8WVM8,1
Q5NE16,0
P07910,1
Q5T6M2,0
P41236,1
P32189,1
Q8NGW6,0
P40692,1
Q8NA69,0
Q86WD7,0
P78316,1
Q8N543,1
P26447,1
Q9NQ60,0
P12525,0
Q9UI95,1
Q8TCU3,0
Q8MH63,0
P55769,1
Q13336,0
Q14684,1
Q5H9S7,1
Q05086,1
O96017,1
Q9NZY2,0
Q9NWB1,1
P00403,1
P63145,0
Q7Z2D5,1
Q8IZU1,1
O15303,0
P61158,1
Q9P253,1
P02452,1
P42696,1
Q9Y4F5,1
A8MWL7,0
Q5SR53,0
Q86YS3,1
Q3LI63,0
O15013,1
Q5JVL4,1
O95271,1
Q9UBP8,0
Q9BYV7,0
O75439,1
Q8WXB4,0
P0CG43,0
Q96S21,0
Q9UIL4,0
Q9UI25,0
Q6ZWK4,0
P12004,1
Q14847,1
P23942,0
Q8WXD5,1
P05538,0
P38606,1
P22695,1
A6NFE2,0
P05089,1
Q00059,1
A8K0S8,0
Q96M69,0
Q9H069,0
Q6IF42,0
Q9Y5H7,0
Q96GP6,0
Q14003,0
Q5H9J7,0
P31512,0
Q92945,1
Q9NYZ1,0
Q8NGI2,0
Q9NPJ4,1
Q14767,0
Q9Y4C4,1
Q16667,1
Q7Z5A4,0
Q969P6,1
P47804,1
Q9BVJ6,1
Q6U736,0
Q96M53,0
Q9H9Z2,1
Q8N1F8,1
Q92952,0
Q13950,1
O00151,1
Q8NGR5,0
A6NDG6,1
P05413,1
Q6PK04,1
Q9H0K1,1
Q9NZA1,1
Q9H974,0
A6NLU5,0
P42658,1
P15088,0
Q8WV24,1
Q9ULP9,1
Q96SU4,1
A8MXZ3,0
P04792,1
Q9C086,1
P61626,1
Q7RTX0,0
Q8N1N0,0
E7ERA6,0
P82980,0
P34982,0
P0CJ90,0
A6NMA1,0
Q8IUB5,0
A0A0A6YYD4,0
P51575,1
Q6P387,0
P23921,1
Q9ULS5,0
Q8N4W6,0
P01705,0
Q9Y3A4,1
P84074,1
Q8N268,0
Q9Y2J8,1
Q8IU60,1
Q9Y2L1,1
A6NCJ1,0
Q5JU67,0
Q15911,0
Q96CN5,0
Q6ZR08,0
P27361,1
Q8NA66,0
Q14192,1
Q8NGC0,0
A6NKW6,0
A8MY62,0
O75380,1
Q13946,1
P16333,1
Q50LG9,1
Q76N32,1
P49006,1
Q9NPI6,1
Q5TFG8,0
P01225,0
Q8N7A1,0
P0C7V0,0
Q9UJ70,1
Q9HAJ7,1
Q9UBV8,1
Q12891,0
Q8NFK1,0
Q96ID5,1
Q96A05,0
Q8NC51,1
Q9H5V9,1
Q8WU03,0
Q9HAI6,0
Q9P1F3,1
Q14004,1
Q9BZZ5,1
Q9NQM4,1
Q0VAF6,0
P29728,1
Q13509,1
Q96R48,0
Q8IYD1,1
O75607,1
Q9HBT6,0
Q2I0M5,0
Q8IWT6,1
Q8N5D6,0
Q01813,1
Q86SX3,0
Q9BWP8,0
O95819,1
Q9H0M5,0
Q92637,0
Q8NAU1,0
Q13607,0
Q7L5Y9,1
Q01130,1
O14977,1
P09936,1
P36537,0
Q9P0V8,0
Q96QZ0,0
O60609,0
Q99832,1
Q4V348,0
P31645,1
O43709,1
O14525,0
Q9Y4E5,1
Q8NFU1,0
Q99714,1
Q6ZNM6,0
Q96DB9,0
Q8NGX8,0
Q8N9Z0,0
Q9H963,0
B1ANY3,0
Q07666,1
A6NFC9,0
Q6XZB0,0
Q96JB5,1
Q99569,1
Q9P2V4,0
P51801,0
Q49MI3,1
Q13315,1
O14990,0
Q9NQ55,1
Q969E1,0
Q92583,1
O75881,0
Q9NXV6,1
Q96RT1,1
Q9UI10,1
P82979,1
P38398,1
Q02252,1
Q9H2Z4,0
Q96AX1,1
Q8IY26,0
Q14168,1
Q96RV3,0
Q86Y37,1
Q8NGI8,0
Q1ED39,1
Q9Y5S1,0
Q9BZV1,1
Q5DX21,0
Q6IN85,0
Q99627,1
P35410,0
Q9Y3P9,1
P13489,1
Q14493,1
Q8N7N1,0
O60331,1
Q14973,0
P0CB48,0
P30939,0
Q9NWC5,0
A6NGA9,0
Q14692,1
Q27J81,1
Q9UJQ1,0
Q96HI0,1
Q7Z5A9,0
O75306,1
Q96LK0,1
Q16851,1
A2AJT9,0
Q8TEU7,1
O43166,1
Q9UKD2,1
P27797,1
Q9NX47,0
Q8WVR3,0
Q9UJT1,1
Q9H222,0
Q6S8J7,0
B7ZW38,0
Q7Z7L8,0
Q86WS3,0
Q6VB84,0
P62244,1
Q8IYB8,1
Q6T4P5,0
Q9H346,0
Q8IZU8,0
Q9Y653,0
Q5HY92,1
P52209,1
Q9Y6D5,1
Q63ZY3,1
Q7Z7D3,0
Q8NGI3,0
P51679,1
O15078,1
Q9H840,1
Q8NFU5,1
P0CG42,0
Q12840,1
O14497,1
A0A0C4DH24,0
H3BNL8,0
Q8N661,0
Q9NR83,0
Q8NC69,1
Q5T5U3,1
Q6IF63,0
Q5J5C9,0
Q07889,1
Q7Z5A7,0
Q8WWY7,0
Q0WX57,1
O94811,1
Q9GZR2,1
Q96ST3,1
O95299,1
Q08623,0
O43451,0
Q5TC84,0
Q12923,1
O15173,1
Q9H269,1
P23497,1
Q86WI1,0
Q7Z7K0,1
Q9NZK5,0
Q8WZA9,1
Q14232,1
P42704,1
Q16643,1
Q86Y29,0
Q14980,1
Q96HW7,1
Q9Y570,1
Q14CZ8,0
Q9NRR4,1
Q66GS9,1
P80723,1
O00110,0
Q6UX01,0
P57796,0
Q8IZT8,0
Q7KZF4,1
Q765P7,1
Q9Y471,0
P51677,0
P19957,0
P05109,1
Q9BYJ9,1
P18583,1
O00170,1
Q13439,1
P50454,1
P26368,1
Q96QZ7,1
Q9Y281,1
Q9H5P4,0
P20962,1
Q9P2N5,1
Q6MZQ0,1
Q96FC9,1
P15056,1
Q6PIF2,0
Q8IWD5,0
P50570,1
P0CW27,0
Q6NV74,1
Q92567,1
Q8WUB2,0
P31275,0
Q9H0N0,1
Q14444,1
A0A075B6I7,0
P51857,1
P05783,1
Q147U1,0
C9J6K1,0
Q6NSI3,1
Q8N111,1
A1L168,0
Q96MC4,0
Q6L8G4,0
Q9UJ96,0
Q9Y333,1
P01567,0
P06312,0
H3BPF8,0
O60306,1
Q96CM3,1
Q12906,1
P55036,1
Q9BYZ8,0
Q92834,1
Q8IVN8,0
Q86U10,0
O75388,0
Q6Q788,0
O95429,1
O95567,0
P20290,1
P35659,1
Q8N9X3,0
Q12893,0
Q99623,1
A0A0B4J277,0
Q96I76,0
A6NKX4,0
B1ATL7,0
Q5VWQ8,1
Q8NG84,0
P31997,0
Q07960,1
Q8N468,0
Q9BYG7,0
Q9NYX4,0
P08574,1
Q96HU8,1
Q9BWW9,0
O15504,0
Q96RD6,0
A4D1P6,1
Q9NVJ2,1
Q5BLP8,0
O43660,1
Q9Y3B7,1
Q6ZUK4,0
Q99218,0
Q629K1,0
P07988,0
Q9HCK5,1
Q14236,0
Q5JR98,0
Q96FQ7,0
Q6ZN16,1
Q8N2A0,0
Q5T7M9,0
Q5T9Z0,0
Q9BZ29,1
Q9H2U2,1
Q58A45,1
A6NJU9,0
Q9NR97,0
Q86X51,0
Q9UPN4,1
Q8N100,0
Q8N0Z3,1
Q02978,1
Q9UBR1,0
Q9Y6R1,1
Q0VDE8,0
A6NF89,0
Q86V81,1
Q96PF1,0
P46100,1
O75494,1
O14641,1
Q9H112,0
O43504,1
Q7Z7B7,0
Q86Y13,1
Q2NKQ1,1
O43293,1
Q9UKX7,1
Q08881,1
Q8IXQ9,0
Q8WTT2,1
P62841,1
Q9Y2S6,1
Q6ZNK6,0
Q5SQS8,0
Q6ZMB0,0
Q96P68,0
P62750,1
Q9P0M4,0
O95626,0
P0CG48,1
P56746,0
Q3B7S5,0
Q9H714,0
Q6NUN7,0
Q9UHQ9,1
Q14596,1
O43462,0
Q9UH03,1
P0DN86,0
Q5BN46,0
P14649,1
Q5H9B9,0
P52272,1
Q8N5G2,0
Q9P0W0,0
Q6UWE0,1
Q9NRC1,1
Q93008,1
Q06643,0
Q86UC2,1
P38432,1
Q52LJ0,1
O43491,1
Q5VXM1,0
Q9UQB8,1
Q96JD6,1
Q5JV73,0
P12956,1
Q9NX38,0
Q8N0X7,1
Q16799,1
Q9P1Z9,0
Q9P1T7,1
Q6UXI7,0
P0DH78,0
Q7Z2Q7,0
Q6PL18,1
P49959,1
Q8WXF1,1
Q9NX63,1
Q14863,0
A4D1F6,0
Q9Y2V2,1
P00395,0
P60660,1
O75334,1
Q92979,1
Q587I9,0
Q3KRB8,0
P42677,1
P62316,1
Q8NCU4,0
Q6P5X7,0
Q4G0S7,0
Q8N0Y2,1
Q96AQ6,1
A8MWA4,0
Q8NEJ9,1
Q8TDD1,1
Q9BY12,1
O95602,1
Q8NHE4,0
Q13671,1
Q9NZ45,1
P23435,0
Q9P2R3,1
A0A5A2,0
Q9UQ10,0
O75949,0
Q9HBU6,0
Q6PDA7,0
O60882,0
P48745,0
P03886,0
Q9BY08,0
A0A096LPI5,0
Q5SVJ3,0
P55196,1
Q9BT43,0
Q8NH00,0
Q9HCD5,1
P10606,1
P59095,0
Q96B96,0
P14324,1
Q9H7Y0,0
Q6ZRS4,0
Q96GR4,0
Q8NB66,0
Q96PM9,1
Q8NF91,1
Q96DX8,0
Q9UHN6,0
Q9HBK9,0
P29017,0
O14529,0
Q695T7,0
O60841,1
P61576,0
Q9H091,0
O14521,0
O76024,1
Q9NU39,0
Q8IVU9,0
P55265,1
Q9BQG0,1
Q86UT8,0
O43581,1
Q86SQ4,0
Q14088,1
Q9UNI6,1
Q8TDI0,1
Q03701,1
Q6ZVN8,0
Q9NYZ4,0
Q6P1R3,0
A8MX34,0
Q8NFI4,0
Q496F6,0
Q9H814,1
Q2M2I3,0
O60641,1
Q8NGF0,0
Q7L1Q6,1
A0A0B4J240,0
Q8IVF7,1
Q15846,0
Q9NQV7,0
Q9UK28,0
Q2M3A8,0
P60852,0
Q08495,1
Q6UXV4,1
P08865,1
Q9Y6Y0,1
P78333,0
Q5TGJ6,0
Q7Z6E9,1
Q96I51,0
P48304,0
Q9BSN7,0
P0DMW3,0
Q6ZMW2,0
O14925,1
P23588,1
Q96A99,0
Q6ZUB1,0
P30876,1
Q9BVV8,0
P05787,1
Q8NDH6,1
Q96J94,1
P42127,0
Q6W5P4,0
Q5MIZ7,0
Q9UHD8,1
O76099,0
P56537,1
Q9P1Y5,1
O75586,1
Q9BQI4,0
Q8NH03,0
Q9Y2K7,1
A6NJG6,0
P21912,1
O60518,1
Q9Y5F7,0
Q8IWN6,0
Q9H244,1
O95178,0
Q13542,1
Q7Z4B0,1
Q9BRR3,0
P19174,1
Q9UHB9,1
O95613,1
P55773,0
O94832,1
Q9UNH7,1
O75791,1
P62851,1
Q9Y6Z4,0
P49736,1
Q8IUQ0,0
Q9HCH3,1
Q8N4C9,0
P40937,1
P0DN77,0
P0C263,0
Q9NZK7,0
A8MWV9,0
Q96RE7,1
B6SEH9,0
P08047,1
Q5TEZ4,0
Q69YN4,0
Q9Y6V0,1
P34897,1
Q9Y4C5,0
Q8NGL2,0
Q8IV77,0
O60883,0
P58182,0
Q9BXJ3,0
Q7Z5K2,0
P61278,1
Q9Y328,0
Q1W4C9,0
O60814,1
O15266,0
Q9P2E8,0
Q8N135,0
Q9Y6J6,0
P62191,1
Q06830,1
Q9NQ03,0
P23368,1
Q8IW03,0
Q9NYA1,1
P57678,1
Q7Z7B8,0
O60716,1
Q9Y6K5,1
Q9Y4C1,1
Q96I82,0
Q9HCS7,1
P24071,0
Q9H9L3,1
A8MWY0,0
Q9NWY4,0
Q8N9R0,0
Q8WXI4,1
Q6W3E5,0
Q92737,1
Q0VDD7,0
Q9H3G5,1
Q9BYX4,1
Q8NBX0,1
P55884,1
Q9Y6Q9,1
Q96GE5,0
Q13428,1
Q9ULC4,1
O94856,1
Q9NSA2,0
P56182,1
A8MZA4,0
P0CW19,0
P21926,1
Q96M43,0
Q9Y5E5,0
Q9Y5M1,0
O60320,0
P98175,1
O60934,1
P62249,1
P31942,1
Q6ZT62,0
P17096,1
Q16557,0
Q8NAM6,0
P62899,1
Q8TB05,0
Q8NCA5,1
O43303,1
Q96DZ5,1
P0DMQ5,0
Q8N4L4,0
Q8NH61,0
Q8IXM7,0
Q9BQA1,1
O76064,1
Q9BRA2,1
P11441,1
Q15633,1
Q13505,1
Q9H6S1,1
O00526,0
Q92805,1
Q8IUI4,0
P50613,1
Q96P67,0
Q96Q15,1
Q6ZSU1,0
Q5VT99,0
Q86V20,0
Q8IWG1,0
P01717,0
Q9Y5Y7,0
Q587J8,0
Q96PU8,1
A6NNH2,0
Q9Y6R7,0
P56373,0
Q9UNA0,0
Q03164,1
Q08334,0
Q9NVU7,1
Q8N4M1,0
P60893,0
Q8WYR4,0
P08758,1
P06400,1
O15143,1
P53582,1
Q96C01,1
Q96SN8,1
A6NEV1,0
P23443,1
Q8NET8,0
P62306,1
Q03518,1
A6NH52,1
Q8N7E2,0
O95786,1
Q6PI48,1
Q8NHA8,0
Q96SZ4,0
P09038,1
Q9BQ61,1
Q9BQ16,0
Q96IF1,1
Q8NCN2,0
P0DJH9,0
P62879,1
Q5JXA9,0
O95971,0
A6NFF2,0
Q6EIG7,0
P10909,1
Q8WTP8,1
Q7Z3B1,1
Q96RS0,1
Q0VF49,0
Q0VD83,0
Q96E11,1
Q8TAL6,0
O60269,1
A8MYJ7,0
Q5T4W7,0
Q9H4Z2,1
O95670,1
Q15084,1
Q96C19,1
Q86XN8,1
Q15814,1
Q6Y288,0
Q8NDF8,1
P42766,1
P0C671,0
Q8NFU4,0
Q8N568,1
Q8WWM7,1
Q6UW32,0
O75691,1
Q75LS8,0
Q9NX52,0
Q13554,1
Q9C002,0
O60504,1
P62877,1
P14415,1
P09104,1
Q5VT33,0
Q8TDQ0,1
O43541,1
Q07955,1
Q8NH80,0
Q96DF8,0
A6NCN8,0
E9PQ53,0
A8MW95,0
Q5MJ08,0
O60423,0
Q14699,1
Q9Y694,0
Q6ZTI6,0
O75116,1
P09622,1
Q969M1,1
A6NEN9,0
P26232,1
Q9UPY8,1
P61964,1
Q9Y2G1,0
O60739,1
Q9BYP8,0
Q6UX46,0
Q8TAP6,1
A0A075B6N3,0
Q96MZ0,1
Q9BZD2,0
A6NGY3,0
A0A1B0GVD1,0
Q8WVM7,1
Q4LDR2,0
Q15018,0
O95248,1
Q9H4X1,1
A0A087X0M5,0
Q12846,1
Q96NG3,0
Q93079,0
O95402,1
Q5TGY3,1
Q9GZM8,1
Q6NXP2,0
Q86YV0,0
Q92575,1
Q13111,1
Q9Y315,1
Q9BV29,0
Q16538,0
H3BV60,0
A8MTL0,0
P78563,1
Q96DT5,0
I3L1E1,0
Q8WU49,0
P01275,0
Q6ZVN7,0
O75121,0
Q76N89,1
A8MYZ0,0
Q9BR84,0
Q2TBC4,0
A1L453,0
Q6ZN28,0
O15228,1
Q12955,1
Q9P1G2,0
P53992,1
Q9BZK8,0
Q09666,1
Q9UHB6,1
Q6IQ19,1
Q8NDY3,0
Q8ND90,1
Q96K30,1
Q92974,1
P15515,0
Q9Y6B6,1
Q8NG50,1
Q5TB80,1
A0AV02,0
O43315,0
Q2M2Z5,1
P10745,0
Q5JVF3,1
P57076,0
P49768,1
P50750,1
Q3C1V1,0
O75962,1
P40938,1
O43866,0
A6NM62,0
Q6ZUA9,0
P47944,0
A6NDI0,0
E9PGG2,0
P30307,1
P46013,1
O14594,1
P29762,1
Q8N6Q1,0
P51864,0
P40197,0
P04637,1
A6NIU2,0
P53420,0
A6NGE7,0
P60880,1
P56715,0
Q5XG92,0
Q8IZK6,0
P01562,0
Q659C4,1
A0A1B0GTU2,0
O60573,1
Q96QF7,0
Q9BYG8,0
P59998,1
Q96AY2,1
Q15431,0
Q9UQ35,1
Q9NVM6,1
Q12836,0
Q9UJV9,1
Q9NP73,1
O95219,1
P17480,1
Q13253,0
Q9Y2W2,1
Q9UHQ7,0
Q02878,1
Q96AQ2,0
Q9NZI2,0
Q9Y5Y9,0
Q9GZR7,1
P02730,1
Q9Y2V3,0
Q8WUJ0,1
O75569,1
Q96L96,0
Q8NEK5,0
Q30KP8,0
Q12965,1
Q09019,1
P21127,1
Q96L11,0
P06576,1
Q2WGN9,0
Q92736,1
A0A1B0GTH6,0
Q9H1J1,1
P13569,1
Q9BUJ2,1
P01588,1
Q12873,1
P46060,1
O43566,1
Q16651,0
Q9BTW9,1
Q9BQA5,1
Q9NS98,0
P26599,1
P62241,1
P27539,0
Q86YW7,0
A0A0B4J2D5,0
P46063,1
Q684P5,1
Q9UHC9,0
A6NDY0,0
Q6YN16,1
Q6NSJ0,0
P07954,1
Q8IWJ2,1
Q8N129,0
P57082,0
Q8N6F8,0
Q9Y2A7,1
Q9P0M6,0
Q9UI43,1
P51553,1
A6H8M9,0
Q4AC94,1
Q8TB73,1
P40939,1
P0CAT3,0
Q14978,1
Q8NGU1,0
Q05469,1
Q9UKG4,0
P27695,1
Q9NV58,1
Q14696,0
Q969H0,1
P60201,1
Q9NX24,1
P0C025,0
P49750,1
O15392,1
Q8IY37,1
P02745,1
Q8N1T3,0
Q69YL0,0
Q9BTD1,0
O95397,0
A0A0A0MRZ9,0
Q9Y4E8,1
P39019,1
Q6ZRK6,0
P53396,1
P07333,1
Q92597,1
Q9BZQ8,0
P0C7P2,0
P04629,1
O75083,1
P62195,1
Q8N3Z6,1
Q53GS9,1
Q8NDC0,1
Q6PJG2,0
P06753,1
Q5SQI0,1
Q9NV06,1
P35542,0
Q7RTS5,0
P22083,0
Q96FE5,1
Q5H943,0
O95202,1
P67870,1
A4D1S5,0
Q86TU6,0
A6NGS2,0
Q06889,0
Q6IFN5,0
Q8IY18,1
Q5M775,1
Q8IZD2,1
A6NIM6,0
Q99487,0
P15408,1
Q8TD16,1
Q8ND07,0
A7MCY6,1
P01023,1
Q0IIN9,0
Q8N228,0
Q8NCB2,1
O60885,1
Q569K6,0
P31151,1
Q96RR4,1
Q9P265,1
Q15008,1
Q7RTM1,0
O75677,0
Q96HD9,0
Q9NPH5,1
Q8N7P1,0
Q9NP59,0
O60861,1
P37059,0
P26358,1
Q96P11,1
O75185,0
Q86W67,1
P51659,1
Q969J3,0
Q3ZCQ3,0
Q9NR00,1
Q9BRL7,0
P27635,1
Q9P258,1
F8WCM5,0
Q13888,1
Q5VYJ5,0
P51522,0
A6NHR8,0
Q8WZ92,0
Q9UKA9,1
Q6UWM5,0
Q9P1J3,0
Q969G3,1
O95968,1
Q8N9Y4,0
P17987,1
Q15437,1
I1YAP6,0
P48960,0
Q5VTT2,0
Q969V6,0
O75943,1
P14138,0
O60469,0
Q5TF21,1
P40227,1
Q3MHD2,1
Q96LJ7,0
Q14952,0
P84077,1
Q6WN34,0
Q8N5N4,0
Q9UBX1,0
Q4UJ75,0
P98168,0
Q9Y3A5,1
F8VTS6,0
P60174,1
Q1W6H9,1
Q6DWJ6,0
Q86UU1,1
C9J3I9,0
Q5FYA8,0
O43396,1
P0C0P6,0
Q6P3W2,0
O94967,1
P09429,1
Q99607,1
Q6ZVK1,0
P61160,1
Q10981,0
P42694,1
Q9H910,1
Q0VFZ6,0
P51164,0
A0A0J9YY54,0
Q96JA4,0
A6NND4,0
P49335,0
G2XKQ0,1
P00156,0
A0A0U1RQI7,0
B1AMM8,0
O75077,1
Q8N157,1
Q05519,1
Q13838,1
Q8WWC4,0
P0C7T7,0
Q9NXZ2,1
Q86WT6,1
Q9UM11,1
Q16531,1
Q495A1,0
O75145,1
P46663,0
Q9NRC6,1
P20248,1
P02768,1
Q6ZWJ8,0
Q8NH81,0
Q86YP4,1
P05067,1
Q6ZMT4,1
Q9BYQ8,0
Q16512,1
Q01780,1
Q8IYI0,0
Q5VYM1,0
Q6IQ16,1
Q9H4A3,1
Q96JQ0,0
Q6GMV2,1
P12111,0
Q13087,1
Q8IXT5,1
Q4VNC0,0
O14548,1
Q8IYW4,0
Q9NRF2,1
O94760,1
Q6ZT52,0
P49721,1
P49223,0
Q99574,0
P98194,1
O96020,1
Q08117,0
Q5VWT5,0
Q8N8V2,0
P78312,1
Q9Y2P0,0
Q4G0T1,1
Q8TC26,0
Q13835,1
Q902F9,0
Q9H633,1
O60828,1
Q9NXG0,1
P18077,1
Q96T21,1
Q9Y5F0,0
Q8N6T7,1
Q9BTV5,1
Q6ZNB7,0
Q14315,1
P48595,0
Q86W28,0
Q5HYM0,0
P83881,1
Q4FZB7,0
Q86YW0,0
Q13242,1
B4DJY2,0
Q8WXG9,0
A8MXU0,0
Q13123,1
Q9Y5V3,1
Q14916,0
Q9BQA9,0
A7MD48,0
P0C7X2,1
Q13042,1
Q8NE09,0
P31267,0
P04040,1
B0YJ81,0
P49715,1
O14511,1
Q9NR21,1
Q9UJY1,1
P49842,0
O43511,0
Q75VX8,0
Q9NQC3,1
Q567U6,1
P25398,1
Q16543,1
P23258,1
O43280,0
A0PK05,0
P36897,1
P41002,1
Q9NVM9,0
P09669,1
P61011,1
Q96C92,0
Q8NGV7,0
B4DU55,0
P61289,1
Q7Z3D6,1
P13591,1
Q92874,0
Q15286,1
Q9Y3B2,1
P78371,1
C9JE40,0
Q7Z7M1,0
P33076,1
Q8NEQ6,0
Q9HCC0,1
Q1A5X7,0
O43688,0
A6NCV1,0
Q68CJ6,0
O75431,1
Q96Q89,1
Q9UKN7,0
P29083,1
Q9NR71,0
Q02246,1
Q5TYX0,0
Q1A5X6,0
Q5CZA5,0
Q14432,1
Q9UPS6,1
O43299,0
Q8N769,0
Q6ZNA5,0
O43306,1
Q8NGR1,0
P35367,0
Q9H6L5,0
Q8IXT2,0
Q2VPA4,0
O00585,1
Q96N28,0
O75390,1
P59551,0
Q8WXD0,0
A0A539,0
O00746,1
Q07954,1
Q8WUX9,1
Q00613,1
A0A1B0GUA7,0
Q5T1J6,0
Q92797,1
Q96JK9,1
O75884,1
B4E2M5,0
O60774,0
Q9H9A5,1
Q5T5P2,1
P40123,1
Q8WW14,0
Q00888,0
Q7L2H7,1
A6NEH6,0
A6NM11,0
P0C1H6,0
Q5VSG8,0
Q8N0T1,1
Q9Y678,1
Q8WU39,0
P00441,1
O60741,0
Q9Y5I0,0
O94826,1
Q15822,0
P00326,0
Q96E29,1
Q8NGU9,0
Q9NQE7,0
P23297,1
P52732,1
Q13094,1
P59826,0
Q13520,0
O15273,1
Q9GZN8,1
Q8N688,0
Q6UXP3,0
P21266,1
Q9H3Q3,0
P35503,0
Q9NQR7,0
P29692,1
Q9C0F1,1
Q13415,1
Q9UNE7,1
P0CF75,0
Q8TAF5,0
Q8N413,0
P00558,1
Q9NRG9,1
Q04837,1
A6NFY4,0
P02538,1
Q9H8Q6,0
Q9Y2C3,0
Q8TF17,0
Q8IYW5,1
Q14164,1
Q16572,0
P61923,1
Q92995,1
A6NDA9,0
P51649,1
Q53H80,1
P29966,1
P78347,1
Q9H7M9,0
Q96Q42,1
Q9BU20,0
O43561,1
Q13435,1
P43034,1
P43378,1
P50213,1
P15018,1
Q8NCL8,0
Q13895,1
Q96NW7,1
P09001,1
Q92973,1
Q9UL25,1
Q96J84,0
Q53G44,0
P04844,1
Q5F1R6,1
Q49AH0,0
Q15154,1
P26717,0
Q8TEX9,1
Q8N2U9,0
A8MVA2,0
Q07157,1
P49674,1
P48169,1
Q9BRK4,1
Q9Y3Q8,1
Q9H6B1,0
P07195,1
Q8WYQ9,1
Q9P275,1
P61927,1
Q00LT1,0
Q8WVC6,1
Q14247,1
A6NDN3,0
Q9GZL7,1
Q9UII2,1
Q14296,1
Q9NQX0,0
Q2L4Q9,0
Q03135,1
Q8TD22,1
Q96IS3,0
Q14C86,1
Q9Y230,1
Q17RW2,0
Q92561,1
P24666,1
P0C854,0
Q14103,1
Q9NYV6,1
Q8N158,0
A6NMB1,0
Q14507,0
A0PJX4,0
Q5VUY2,0
P84103,1
Q86V71,0
Q07075,0
O75533,1
Q9GZU1,0
Q8NBZ9,0
Q6ZV70,0
Q9H0G5,1
Q15843,1
Q6ICL7,0
Q9GZK7,0
Q0VDI3,0
O75177,1
P26640,1
Q9NS86,1
Q4W5G0,0
A0A087X1C5,0
P57058,1
Q96PB8,0
Q4JDL3,0
Q9P0V3,1
P46094,0
Q99542,0
Q96GC6,1
Q16637,1
A0A075B6V5,0
Q96KX2,0
P0CG01,0
P48431,1
Q13561,1
Q9BXT8,1
Q9Y657,1
Q16696,0
O95843,0
Q14DG7,0
Q16658,1
P0CF74,0
P32418,0
P0DMS9,0
Q8N2C9,0
O94901,1
P17568,1
Q96QP1,1
O14646,1
Q6UXQ4,0
A0A0B4J2F0,0
Q5T0N1,0
Q13630,0
O75935,1
P19784,1
Q8N743,0
P0C2W7,0
Q8WZ69,0
Q5VWW1,0
A6NJW4,0
Q6ICB4,0
Q9BZM2,0
Q2M3X9,0
Q9UHF3,0
Q86T20,0
Q8TB68,1
Q16048,0
P11801,1
Q8NHG7,1
P23246,1
P07320,1
A6NGY5,0
P21583,0
Q969H8,0
P08263,1
P27105,1
Q3SYA9,0
Q96LL3,0
Q00987,1
A0JP26,0
Q9Y4M8,0
Q9NPE6,0
P03950,1
Q0D2J5,0
Q2VWA4,0
A6PVS8,0
E5RJ46,0
P0C7V8,0
P54105,1
Q8TBE3,0
A6NFK2,0
Q5TAH2,0
O60658,1
Q8NFZ4,1
Q8TC94,0
Q6S9Z5,0
Q9H4B8,0
O95415,0
Q6ZP01,0
Q7Z5M5,0
Q86UK7,1
Q9H0U9,1
Q9UIA9,1
P13056,1
Q96C57,1
Q93052,1
Q8NGF3,0
Q6UWU4,1
Q6ZMC9,0
Q8WU58,0
Q5TC82,1
Q8WWW0,1
Q9BVJ7,1
Q9UMY4,1
P35555,1
P20396,0
Q9C0B1,1
Q14626,0
Q9H1U4,0
Q8IZH2,1
A0A1B0GTK4,0
Q9H227,0
Q9UBY9,1
O00219,0
Q9H0J9,1
O95007,0
Q8NE22,1
P52298,1
Q5U4P2,0
Q96CW5,1
Q9HCF6,1
P52824,1
Q8TD31,1
A6NIX2,1
Q96FA7,0
Q9UKB1,1
O00459,1
Q8N9W4,0
Q86VH4,0
Q8N3P4,1
P09848,0
Q4LDE5,0
O75554,1
P57052,1
Q9H320,0
P21291,1
Q96SQ7,1
Q8NE86,1
Q8NGJ5,0
O43379,1
A6NHM9,0
Q8IW41,1
P06850,0
A0A1B0GUC4,0
Q9UQQ1,0
Q8NDX2,0
Q6NXT1,1
Q8NCU1,0
Q3LI83,0
Q8N3G9,0
Q9GZU5,1
Q9HB58,1
Q00266,1
A6NL88,1
P09327,1
O14746,1
Q9P2Q2,0
Q9BXY0,1
Q9Y383,1
Q96MB7,0
A6NDE4,0
Q8NG66,1
P61366,0
O94788,1
Q9H207,0
Q86WV5,0
Q5BJF6,1
Q53GS7,1
Q15181,1
Q13263,1
Q9BT25,1
O43309,1
Q7Z5Y6,0
Q5VVB8,0
Q6T423,0
P53677,1
Q92598,1
P15170,1
P78352,1
Q8WXI9,1
Q13424,1
P49368,1
Q15269,1
B1ANH7,0
Q9ULW3,1
Q8TC56,1
P30519,1
Q6NXS1,0
P35462,1
Q9UHP7,1
Q9H5Y7,0
Q9BTP7,0
Q9NVV4,1
P51793,0
Q00994,1
Q9HCG8,1
Q58HT5,0
Q5T2T1,1
Q13487,1
Q14201,1
O60829,0
Q96PJ5,0
Q02747,0
O94850,1
P55000,0
Q8NCR6,0
O14815,0
Q2WGJ8,0
Q9H6Y2,1
O60422,0
Q13501,1
Q6NT76,1
A4D0Y5,0
Q6P656,0
P62753,1
O43242,1
Q9NPQ8,1
Q9P260,1
P27544,0
Q8WU66,0
P55103,0
A0A1B0GTR0,0
P0DPI2,1
Q99615,1
Q9BQ67,1
P31483,1
Q9UII4,1
Q71RS6,0
Q96EV8,1
Q76KX8,0
Q5BJE1,0
Q9BTT4,1
Q9NS67,0
Q8TBZ0,1
Q9HAP6,1
Q8N7Q2,0
Q3MIT2,0
Q16666,1
Q86VY4,0
Q53EZ4,1
Q5JQF8,1
O15213,1
Q96GD4,1
Q13526,1
Q9H503,0
Q9Y283,1
Q8NHR9,1
Q9H3S7,1
A0A0U1RR11,0
Q9Y493,0
Q96AQ8,0
Q15661,0
P0C875,0
Q8TDN6,1
P23769,1
Q17RQ9,0
Q86YF9,1
A6NJT0,0
Q99581,0
Q96MD2,0
Q9P2E9,1
P62310,1
Q5SQS7,0
Q8NCY6,0
P08195,1
P46093,0
P47929,1
A7E2Y1,1
P40198,0
P16989,1
Q9Y264,0
Q5W0V3,0
Q8IUE1,0
Q96G21,1
O60542,0
Q8TE56,0
Q5SZB4,0
Q16661,0
Q96CP7,0
Q9Y644,0
P49711,1
Q6PEX7,0
Q8WV60,1
Q5VZ46,1
Q9Y5J7,1
Q9UMX6,0
Q9NYF8,1
Q92628,1
P15144,0
Q9Y2H0,1
A0A0A0MS04,0
P50458,0
P55199,1
P19086,1
Q9BXS6,1
Q6PCD5,1
Q9NYW5,0
Q9NP79,1
O60229,1
Q8NB59,0
A0PJX8,0
P07202,0
Q9Y4K1,0
Q13018,1
Q53EP0,1
Q494V2,0
Q9UKG1,1
P62805,1
P19404,1
Q9UPW8,1
G3V0H7,0
Q8NI77,1
O60318,1
Q5W064,0
A6NIE9,0
A6NF36,0
Q6ZVM7,1
Q99490,1
P40925,1
O15021,0
Q9Y266,1
Q6JVE5,0
Q9NZJ4,1
Q6UWH6,0
Q0D2K2,0
P22362,0
A1L1A6,0
Q8IWU9,0
Q5BVD1,0
P49419,1
Q99698,1
Q9BWG6,1
E2RYF6,0
Q8N5I9,0
Q9BVV6,1
Q9H4I0,1
A5PLL1,0
Q6QHF9,0
P14621,1
Q02880,1
P18577,0
O75477,1
Q96IX5,1
A6NCS6,1
O60216,1
Q9P209,1
Q9BXJ4,0
Q8N616,0
Q5YKI7,0
Q96EB6,1
O95139,1
P20226,1
Q8NEG5,0
A8K5M9,0
O15550,1
O14777,1
Q96B33,0
Q8NCL9,0
Q7L211,0
O15042,1
Q8IZL2,1
Q8TCG5,0
Q5T280,1
P26373,1
Q9P016,1
Q32M45,0
Q6YFQ2,0
O43602,1
Q5T5A4,0
Q5T9A4,1
Q96SB4,1
Q9NZM4,0
O75829,0
Q9Y2X0,1
Q13618,1
Q6P6C2,1
Q6UW02,1
Q5VYK3,1
A0A0B4J273,0
Q6YBV0,0
Q6ZT77,0
H7C241,0
Q96KN4,0
A0A1B0GW35,0
Q9H741,0
Q68CK6,0
Q71RH2,0
Q96P44,0
Q9BZV3,0
P03979,0
Q9H6R4,1
Q9P109,0
Q9NVM4,1
Q9H992,0
P59051,0
Q9GZQ8,1
P50222,1
Q96PS6,0
Q86YQ2,0
A0A1B0GTC6,0
Q8TBF4,1
Q14982,1
A8MX76,0
A6NHX0,0
P62081,1
Q96GA3,1
O95793,1
Q56UN5,1
Q9HD90,0
Q5VU92,0
Q92574,1
Q9H3T3,0
A0A075B6J2,0
P55084,1
Q8N163,1
Q9BQD7,0
Q5VUD6,0
Q15599,1
Q8N755,0
Q6P2H3,1
Q53GD3,0
Q8NGI6,0
Q8WWY3,1
P63208,1
Q49A26,1
Q63HM9,0
Q96KF2,0
Q5T035,0
Q9NSC5,1
A2IDD5,0
Q15937,1
Q9BR77,1
O95970,1
Q9Y2C9,0
Q30201,0
Q12788,1
Q96KK4,0
P54845,0
O00175,0
Q6NT46,0
P54707,1
Q05066,1
O94874,1
Q30KP9,0
Q99678,0
P55209,1
O14972,0
Q6ZS02,0
Q8TD17,1
Q6P9F0,0
O43865,1
P62891,1
Q6ZUV0,0
P05455,1
P00742,0
Q8NB46,1
Q2Q1W2,1
Q8TF46,1
O60299,1
Q5MNV8,0
P47710,1
H3BRN8,0
P0C7M6,0
Q5GH77,0
Q495D7,0
Q96PD6,0
Q17RC7,0
A0A1B0GUA6,0
Q16775,1
O43678,1
Q01196,1
Q9UBE0,1
Q96B26,1
Q9Y2X7,1
Q4G0A6,1
Q92896,1
Q15699,0
Q8TCZ7,0
Q53F19,1
P03905,0
Q6XCG6,0
Q8NBH2,0
Q9H321,0
P49207,1
Q8IYS5,0
Q8N326,0
P62913,1
P30154,1
Q8N819,0
Q03933,1
Q96RI8,0
Q8ND56,1
Q5KSL6,0
P60008,0
Q9H0B3,1
O15370,0
Q9H8W3,1
Q9UGQ2,0
Q9BYD9,0
Q9UGH3,0
P30953,0
Q9UQ05,0
A0A1B0GVQ3,0
Q5VT28,0
O75947,1
Q86XI2,1
Q99811,0
Q9HCE1,1
Q8N0W3,0
P11230,1
O43193,0
Q96NC0,1
Q8NHY0,0
Q8IVG5,0
Q5VSP4,0
Q15389,0
P82987,0
P26651,1
P10809,1
Q8IZL8,1
Q8TBB0,0
Q6ZVE7,0
P03891,0
Q6UWF3,0
Q14242,0
C9JLW8,1
Q8TEP8,1
P18065,0
Q2M389,1
Q5VZR2,0
Q9H0A3,0
P21128,0
Q5H9J9,0
Q9BYD3,1
P56381,0
P20592,1
Q9Y4K3,1
Q9Y520,1
Q9HCE6,0
Q9BZJ0,1
O75665,1
Q9BUT9,1
Q06609,1
Q8N2W9,1
Q8IXR9,0
Q9UI12,1
P60368,0
Q9BY71,0
Q9HC62,1
Q9NRF9,1
Q9BWF3,1
O15360,1
Q9NVV9,1
P04553,1
P10644,1
Q92935,0
Q9BXX0,0
P02708,1
P23526,1
Q9NZH0,1
Q149M9,0
Q9H0S4,1
Q6UXQ8,0
Q9UL54,1
Q8TD35,0
Q13938,0
P47755,1
O14893,1
Q9BVV2,0
Q5EG05,0
P60014,0
Q8N4E7,0
Q9NV31,1
Q15468,1
Q86UP2,1
Q96CH1,0
P10636,1
O14578,1
Q8WXA2,0
Q5T7N2,1
Q96EX3,0
Q9UD57,0
Q9HBF5,0
Q9Y2N7,1
P0C8F1,0
A0A0B4J271,0
O15294,1
Q99496,1
Q06416,0
Q92585,1
O15055,1
Q9HAF1,1
Q9H9J4,1
Q13823,1
Q96NB1,1
Q9UHD9,1
P35573,1
Q15459,1
Q9Y6M1,1
Q86UF4,0
O75343,0
Q8NH41,0
P0DP75,0
Q3LI77,0
A2RUU4,0
P0C2L3,0
O43172,1
Q9NP99,0
Q5JUK3,0
P0DJR0,0
Q86U06,1
Q01433,1
Q8N4G2,0
Q9P2D1,1
P0DOY3,1
A6NNS2,0
Q13247,1
Q12874,1
Q15811,1
P52292,1
Q8TEQ6,1
Q9ULD2,1
Q8NGE7,0
Q6X4U4,0
P16234,1
P13866,1
P19544,1
Q9H015,0
Q5TC04,0
Q9H8G1,0
Q9NYF0,1
P0CW23,0
P14678,1
P54274,1
Q8N328,0
Q8NFZ6,0
Q14118,1
Q6ZSS7,0
Q9UK61,0
P0C7U9,0
Q5T319,0
Q13310,1
Q86YT6,1
Q15761,0
O43583,1
Q76LX8,0
Q96RI9,0
Q96JC9,1
Q9NYW0,0
O75330,1
Q9Y6F1,1
Q9Y6K8,1
O14649,0
Q9C040,1
Q02218,1
Q8NB37,0
H0YKK7,0
Q99784,1
Q8WZ26,0
Q03405,1
P43487,1
P13584,0
Q8NEE8,0
Q8IW45,0
P02649,1
Q3LFD5,0
O43766,0
P28290,0
P04843,1
O95936,0
Q9UM21,0
Q8IYB7,1
P0DI80,0
P61247,1
Q96JK2,1
Q8WU79,1
Q9Y672,0
Q9Y5H4,0
Q8N813,0
O75828,1
Q96EP1,1
Q8TD86,0
Q8TCU4,1
Q9Y5E3,0
Q9C0G0,1
P0DJD9,0
P55854,1
Q8NGH8,0
O15091,1
Q92966,1
Q6IPX3,0
Q9P2N4,0
Q9UKR0,0
Q8NH55,0
Q08211,1
Q96EK9,0
Q8N684,1
Q96HJ9,1
Q9H116,1
Q5JSS6,0
Q9NVA1,1
P52743,0
A0PJE2,0
Q8N9T8,1
Q9H330,1
P62910,1
O00165,1
Q5T5F5,0
Q9H089,1
Q9BWW7,0
A6NMS7,0
Q8N7X0,0
P18074,1
Q7Z4S6,1
Q6ZTZ1,0
Q5TA77,0
Q6IS14,1
P22748,1
Q7Z5M8,0
Q9HB89,0
Q9NPI9,0
P55145,1
Q9H7D0,1
A0A0J9YX94,0
Q6UN15,1
A6NKT7,1
Q6NVU6,0
Q86XU0,0
P12018,0
P49450,1
P10721,1
Q6ZRF8,0
Q8NHB1,0
Q8NGF9,0
O15067,1
Q13363,1
Q02108,0
Q8WZA6,0
Q6ZUT1,1
Q8TAF3,1
P13693,1
A6NKD9,1
Q86Y82,1
Q9HBD1,1
A6NHN6,0
A0A087WXM9,0
Q8NGT9,0
Q8WVE0,0
Q9Y4J8,1
Q9NQ40,0
Q9UBX8,0
P49913,1
Q9Y6C7,0
Q9H898,1
Q9UIR0,0
Q7Z6A9,0
Q96PL1,0
P45973,1
Q5JTZ9,1
P31995,0
Q92547,1
P11308,1
P51816,1
Q92859,1
O43432,1
Q14677,1
O14964,1
Q9H347,0
Q0VAK6,0
Q99798,1
Q7L8L6,1
A8MWX3,0
Q9P2D0,1
P78329,0
O75694,1
Q8N7J2,1
P55087,1
Q9NPF7,0
Q496H8,0
P47974,1
O95573,1
A8MXQ7,0
Q8NFD2,0
Q9NS25,0
E9PKD4,0
Q86VI1,0
P13995,1
Q9H1X3,0
P48047,0
P23352,0
Q9UIJ7,1
Q8NH09,0
Q6NZI2,1
P42336,1
P61353,1
Q86T96,0
P54750,1
Q9H0A6,1
Q8TED0,1
P00568,1
A6NDZ8,0
Q05084,1
Q96MF7,1
Q8NI60,0
Q14149,1
Q12792,1
Q13117,0
Q5H9E4,0
Q9NW75,1
O95347,1
A0A075B759,0
Q2TB10,1
A8MVS5,0
Q9NVX2,1
Q6IPX1,0
P28838,1
Q9NP64,1
Q9NZP6,0
Q6ZNG1,0
Q8TCS8,1
Q8NH50,0
Q9NP98,1
P00797,0
P05388,1
P12259,1
O43812,0
A0A1B0GVZ6,0
Q86US8,1
Q9GZK3,0
Q9NQT5,1
P67809,1
Q7LBE3,0
Q9NTI2,1
Q5QGT7,0
A4D1E9,1
Q17R89,1
O60676,0
Q99567,1
Q9Y2R9,1
O75146,1
A6NI61,0
P31271,1
Q9Y4C2,0
Q4ZHG4,0
Q96HS1,1
Q9NY47,1
Q9P031,1
A4FU28,0
Q9H322,0
Q7Z4M0,0
A6NKB5,0
Q8TDU9,0
Q9Y3M2,1
Q9NPA8,1
Q9HAZ2,0
Q5XKP0,0
A6NF83,0
P55344,1
Q8NEM8,0
Q8N2C3,0
Q9NRM1,0
Q86VL8,0
Q6UXC1,0
Q9UPX8,1
Q14993,0
Q8IW93,0
O94979,1
P40337,1
Q9Y3D7,1
Q6ZST2,0
Q9HB71,1
Q96BM1,0
P37108,1
P0C646,0
Q92552,1
Q8TAD2,0
Q12756,1
A8K979,0
Q96M19,0
Q8N3C0,1
Q9Y4X5,1
Q13243,1
Q86UR5,1
A6NC51,0
Q96M29,0
Q8NHP7,0
Q9Y5Z6,0
Q92905,1
Q13670,0
E9PQX1,0
P16104,1
Q12931,1
O95445,0
Q9Y314,1
Q9P0K1,1
Q9NR22,1
Q7Z406,1
Q5T6F0,1
Q5JPF3,0
P47869,0
Q12905,1
Q9BR76,1
Q8NA61,0
Q9Y3E1,0
O14974,1
Q9H208,0
P03923,0
Q9BYE4,0
Q03001,1
Q5JX71,0
Q9UK80,1
Q9H156,0
Q5T8D3,1
A0A075B6T6,0
Q9UJ72,1
Q8N127,0
P13984,1
Q6ZUF6,0
Q13427,1
Q8WZ71,0
O95755,1
Q5VWK5,0
Q06323,1
P42574,1
P46459,1
Q6P2C0,0
Q9UBN7,1
Q9H8E8,0
Q7RTU4,0
Q9H694,1
Q9BY41,1
Q8N196,0
Q9NRA8,1
Q9BY44,1
Q8TBG9,0
Q9NX46,0
Q9P1A2,0
P82914,1
O75817,1
Q13162,1
O15552,0
Q9BYW3,0
Q96MT4,0
P78358,0
Q3YBM2,0
P35611,1
Q9UNA1,1
Q6P3X8,0
Q9H0E9,1
O14686,1
Q9NQB0,1
Q09327,0
Q92823,1
Q9Y221,1
Q3LI70,0
Q8ND24,1
Q9NTK5,1
Q9NZ38,0
P15538,0
Q08379,1
Q7RTU1,0
Q9BXW7,0
O00764,1
P61978,1
Q9GZN0,0
P01591,0
P08185,0
Q86V35,0
Q9Y2C5,0
Q9H0C3,0
Q16836,1
Q8NA97,0
P43243,1
Q9UBU2,0
Q9NTJ5,1
Q92545,1
P09683,0
Q9BV87,0
Q8NGE3,0
P0C1S8,0
A0A096LP55,1
Q96KV6,0
Q6UX82,0
Q8NGX5,0
Q12837,1
Q9H1L0,0
P01767,0
O95197,1
Q5T754,0
P53597,1
Q93050,1
A6NJ64,0
A0A1B0GVN3,0
Q8TF01,1
Q8NEB5,0
Q6ZQQ2,0
Q9H7X0,0
P09234,1
P25021,0
P98170,1
P19622,1
Q9UL42,1
O95714,1
O95478,1
O15204,0
Q9BZA0,0
Q6IBW4,1
O60333,1
Q9Y276,1
Q4VXA5,0
P49756,1
Q9NQS7,1
P51160,0
Q8IZP7,0
Q9Y5M8,1
P55259,0
P33681,0
O00453,0
A6NC42,1
P04083,1
Q07020,1
P21941,0
P01571,0
P29973,0
P10242,1
Q96NZ1,0
Q15612,0
Q9H2C8,0
Q5VXI9,0
O15047,1
P30305,1
Q96PF2,1
Q6PEY1,0
O00303,1
Q5VVC0,0
P54792,0
Q9H379,0
Q495X7,0
Q14152,1
Q6ZS72,0
P16401,1
A0A5B7,0
A6NDK9,0
O95153,0
P60371,0
Q7Z3S9,0
Q8NDA8,0
Q99575,1
Q9NZQ3,1
Q8IZF3,0
Q9P0U4,1
Q9Y225,0
Q13601,1
Q8TEF2,0
P0DP58,1
O75955,1
Q13131,1
Q6IE36,1
Q16473,0
O14744,1
Q8WX93,1
Q9GZS3,1
P0CW00,0
Q3MUY2,0
O15169,1
P0DP71,0
O75891,1
A6NLX3,0
Q7RTY3,0
Q5QFB9,0
Q15397,1
Q9UK45,1
Q75N03,1
A6NM36,0
P60866,1
Q8N159,0
Q05D32,1
A6NMK8,0
P46937,1
Q9BT78,1
